_id,ags2,bundesland,ags5,kreis,kr_ein_md,kr_schu_qu,kr_hh_eink_kl1,kr_hh_eink_kl2,kr_hh_eink_kl3,kr_hh_eink_kl4,kr_hh_eink_kl5,kr_hh_eink_kl6,kr_kk_hh,kr_kk_ew
1,01,Schleswig-Holstein,01001,"Flensburg, Stadt",2986,16.0,12445,12090,13834,5916,3151,3493,34024,19218
2,01,Schleswig-Holstein,01002,"Kiel, Landeshauptstadt",3304,12.1,26051,36118,39898,17458,10451,8276,36039,20189
3,01,Schleswig-Holstein,01003,"Lübeck, Hansestadt",3036,15.1,26289,26531,33868,15717,10755,9435,36890,20887
4,01,Schleswig-Holstein,01004,"Neumünster, Stadt",2842,17.9,9730,9171,10223,4855,3544,3609,39590,20305
5,01,Schleswig-Holstein,01051,Dithmarschen,2914,12.8,12201,10218,16164,10542,8814,9437,46148,23344
6,01,Schleswig-Holstein,01053,Herzogtum Lauenburg,2832,10.1,11735,14362,22983,15646,13702,18084,49967,24353
7,01,Schleswig-Holstein,01054,Nordfriesland,2768,9.8,7448,12187,22675,15556,14033,15801,49117,25957
8,01,Schleswig-Holstein,01055,Ostholstein,2636,10.6,16273,18564,28467,17645,14992,14886,43488,24034
9,01,Schleswig-Holstein,01056,Pinneberg,3036,9.5,20066,23650,34569,22615,21661,32603,51775,25414
10,01,Schleswig-Holstein,01057,Plön,2771,8.9,9646,8488,14870,10496,8958,11338,48883,24234
11,01,Schleswig-Holstein,01058,Rendsburg-Eckernförde,2945,9.4,18029,18551,32417,21976,18641,23568,49720,24158
12,01,Schleswig-Holstein,01059,Schleswig-Flensburg,2715,10.6,14317,14198,23751,16312,13565,16029,47463,23164
13,01,Schleswig-Holstein,01060,Segeberg,3031,9.8,18539,18954,29697,20250,18327,26002,50476,23996
14,01,Schleswig-Holstein,01061,Steinburg,2991,12.2,10495,10363,16442,10300,8248,8822,46349,22879
15,01,Schleswig-Holstein,01062,Stormarn,3023,7.6,12700,16666,23946,16431,17859,30177,55032,26547
16,02,Hamburg,02000,Hamburg,3619,10.5,69894,148145,249562,163295,147629,210929,48170,25801
17,03,Niedersachsen,03101,Braunschweig,3438,9.6,24932,31350,39163,19242,13656,14716,40680,23334
18,03,Niedersachsen,03102,Salzgitter,4085,13.2,14149,13984,12444,5485,4176,3996,40090,20848
19,03,Niedersachsen,03103,Wolfsburg,4622,7.7,13261,13306,15362,7551,7157,10606,47279,25562
20,03,Niedersachsen,03151,Gifhorn,3136,8.8,8987,10782,19358,14172,12255,15441,53664,24623
21,03,Niedersachsen,03153,Goslar,2858,12.5,27747,15115,17186,8922,6327,5454,37551,22249
22,03,Niedersachsen,03154,Helmstedt,2720,11.1,10828,7639,10680,6774,5742,6285,46451,24395
23,03,Niedersachsen,03155,Northeim,2931,10.7,13901,12992,18538,10143,6943,5896,44935,23239
24,03,Niedersachsen,03157,Peine,2946,10.3,12985,9521,15689,10548,8796,9232,46096,22833
25,03,Niedersachsen,03158,Wolfenbüttel,2979,9.1,11771,10652,14747,9225,7149,7531,46245,23611
26,03,Niedersachsen,03159,Göttingen,3128,9.5,32604,31828,50252,27651,18919,14820,40820,22044
27,03,Niedersachsen,03241,Hannover,3387,11.5,111885,104746,147747,87874,69936,78429,43607,22635
28,03,Niedersachsen,03251,Diepholz,2822,9.4,14651,14396,25524,17401,14678,15584,51427,24219
29,03,Niedersachsen,03252,Hameln-Pyrmont,3142,12.8,18793,15466,20529,10505,7562,7010,42657,22934
30,03,Niedersachsen,03254,Hildesheim,3044,10.8,28061,29742,38012,20317,14204,13438,43259,22549
31,03,Niedersachsen,03255,Holzminden,3132,12.2,7444,7381,10659,5246,3365,2402,43273,22415
32,03,Niedersachsen,03256,Nienburg/Weser,2866,10.9,9017,9363,15969,9834,6917,5976,46736,21975
33,03,Niedersachsen,03257,Schaumburg,2880,11.7,16820,14304,20541,12810,9179,8632,43802,22838
34,03,Niedersachsen,03351,Celle,3154,11.9,16705,14350,22081,13893,10615,9981,44797,21928
35,03,Niedersachsen,03352,Cuxhaven,2768,10.8,21774,16027,24503,14840,12351,12022,44753,22941
36,03,Niedersachsen,03353,Harburg,2718,7.9,16645,14279,24924,18918,19183,29414,54452,26401
37,03,Niedersachsen,03354,Lüchow-Dannenberg,2700,11.7,6358,4811,6748,3605,2520,1809,40417,21582
38,03,Niedersachsen,03355,Lüneburg,2890,9.4,13314,13695,24383,15594,12562,13942,43342,22005
39,03,Niedersachsen,03356,Osterholz,2737,8.5,8652,7200,13040,9094,7661,9222,49512,23845
40,03,Niedersachsen,03357,Rotenburg (Wümme),2850,9.3,11924,10801,18835,13176,10792,11159,49933,23380
41,03,Niedersachsen,03358,Heidekreis,2892,10.9,12248,11076,17131,10837,8242,7515,46076,21961
42,03,Niedersachsen,03359,Stade,3098,9.3,15185,14049,22975,15849,13233,16864,49365,23693
43,03,Niedersachsen,03360,Uelzen,2766,11.8,11630,8504,11622,6414,4927,4415,42812,22017
44,03,Niedersachsen,03361,Verden,2926,8.9,9199,8627,15863,11216,9276,10514,52111,24584
45,03,Niedersachsen,03401,Delmenhorst,2815,15.3,10258,8486,8758,4815,3628,3351,39730,20129
46,03,Niedersachsen,03402,Emden,3562,13.8,8815,5383,5272,2775,2261,2339,36998,19899
47,03,Niedersachsen,03403,"Oldenburg, Stadt",3152,10.5,23996,16722,22091,12316,10539,10352,36383,20662
48,03,Niedersachsen,03404,"Osnabrück, Stadt",3245,11.0,16266,19836,25401,12560,8908,8379,40027,22127
49,03,Niedersachsen,03405,Wilhelmshaven,3169,17.1,19140,10280,7408,3318,2552,2495,32408,19249
50,03,Niedersachsen,03451,Ammerland,2809,8.3,11049,7379,12825,9297,7968,10594,48724,23067
51,03,Niedersachsen,03452,Aurich,2785,10.7,17078,15375,24644,15292,12209,11389,42416,21463
52,03,Niedersachsen,03453,Cloppenburg,2609,9.2,6791,9599,19322,13387,10852,10826,51251,21252
53,03,Niedersachsen,03454,Emsland,2972,8.8,20183,19305,35082,24517,21223,21487,51082,22154
54,03,Niedersachsen,03455,Friesland,2898,10.1,11113,7776,12146,7494,5899,5916,42734,21796
55,03,Niedersachsen,03456,Grafschaft Bentheim,2833,8.7,11394,8873,14909,10072,8120,8557,46642,21058
56,03,Niedersachsen,03457,Leer,2761,10.6,14557,13349,21369,13350,10749,9598,41709,20267
57,03,Niedersachsen,03458,"Oldenburg, Kreis",2720,8.5,8346,6656,13075,10563,9371,11627,52762,24040
58,03,Niedersachsen,03459,"Osnabrück, Kreis",2808,8.4,17600,22191,44119,31278,24074,23292,52398,23787
59,03,Niedersachsen,03460,Vechta,2821,8.1,8571,6492,13559,10249,9575,12249,54694,23244
60,03,Niedersachsen,03461,Wesermarsch,3428,11.3,10841,7221,9804,6425,5462,4890,45255,22807
61,03,Niedersachsen,03462,Wittmund,2685,10.5,5717,4800,7320,4377,3308,3466,43137,21966
62,04,Bremen,04011,Bremen,3445,12.6,75632,65215,69112,35082,30294,32188,41931,22720
63,04,Bremen,04012,Bremerhaven,3196,20.8,19047,17764,14668,5315,3269,3045,34647,19240
64,05,Nordrhein-Westfalen,05111,Düsseldorf,3882,12.1,16669,52032,100160,67334,50943,62133,47910,26908
65,05,Nordrhein-Westfalen,05112,Duisburg,3467,17.1,61799,79823,56028,22913,15281,13910,35453,17756
66,05,Nordrhein-Westfalen,05113,Essen,3451,13.8,64444,77308,82474,38662,25240,26543,39659,21414
67,05,Nordrhein-Westfalen,05114,Krefeld,3423,15.1,23236,27944,32668,13346,9703,13035,42366,22342
68,05,Nordrhein-Westfalen,05116,Mönchengladbach,3047,16.1,24132,32588,39321,17811,11101,11034,41621,21682
69,05,Nordrhein-Westfalen,05117,Mülheim an der Ruhr,3523,11.6,10384,17829,27503,13858,8707,10675,46198,24085
70,05,Nordrhein-Westfalen,05119,Oberhausen,3272,15.2,22042,28879,32202,11965,7208,6219,37783,19453
71,05,Nordrhein-Westfalen,05120,Remscheid,3323,13.9,7815,12653,17965,7837,5091,4856,45638,23044
72,05,Nordrhein-Westfalen,05122,Solingen,3085,14.6,10941,15135,23782,13313,8648,9272,47381,24127
73,05,Nordrhein-Westfalen,05124,Wuppertal,3379,18.4,25127,45761,64578,22382,13577,12866,42794,22209
74,05,Nordrhein-Westfalen,05154,Kleve,2882,10.4,21766,20524,36316,23287,18344,17376,48568,21390
75,05,Nordrhein-Westfalen,05158,Mettmann,3473,10.3,25259,47052,66922,36013,28462,41901,52666,26639
76,05,Nordrhein-Westfalen,05162,Rhein-Kreis Neuss,3446,10.5,11274,31807,59307,36273,29432,41252,56489,26179
77,05,Nordrhein-Westfalen,05166,Viersen,2969,10.3,21664,21380,35009,21941,17714,22489,51296,24063
78,05,Nordrhein-Westfalen,05170,Wesel,3047,10.0,37130,35948,54968,33678,26582,28586,48921,23068
79,05,Nordrhein-Westfalen,05314,Bonn,3857,8.9,12262,29172,51200,31603,23038,25171,46082,24105
80,05,Nordrhein-Westfalen,05315,Köln,3696,11.7,40854,92910,148998,103720,83741,90260,44912,23139
81,05,Nordrhein-Westfalen,05316,Leverkusen,4170,11.7,8450,18657,24873,11853,7982,10039,45135,22565
82,05,Nordrhein-Westfalen,05334,Aachen,3365,11.1,43010,59534,83817,41688,27194,26949,41812,21182
83,05,Nordrhein-Westfalen,05358,Düren,3236,11.9,16491,21454,33520,20286,15064,13752,48005,21871
84,05,Nordrhein-Westfalen,05362,Rhein-Erft-Kreis,3188,11.3,32951,31234,55349,36396,28930,37719,49527,23424
85,05,Nordrhein-Westfalen,05366,Euskirchen,3079,11.0,12527,12939,22783,15404,11878,12581,49522,22532
86,05,Nordrhein-Westfalen,05370,Heinsberg,2926,11.6,19463,16633,29125,19359,15718,15844,46745,21244
87,05,Nordrhein-Westfalen,05374,Oberbergischer Kreis,3320,10.3,15732,19020,34452,23788,18168,16219,51509,24117
88,05,Nordrhein-Westfalen,05378,Rheinisch-Bergischer Kreis,3192,9.0,12972,16513,30529,22669,20782,31156,57845,27490
89,05,Nordrhein-Westfalen,05382,Rhein-Sieg-Kreis,3082,8.8,29724,34644,65708,48138,42065,55385,54215,24877
90,05,Nordrhein-Westfalen,05512,Bottrop,3149,11.8,8974,12073,18299,8957,5308,4994,42061,20967
91,05,Nordrhein-Westfalen,05513,Gelsenkirchen,3242,18.0,29324,44028,38441,11564,5876,4228,33306,17120
92,05,Nordrhein-Westfalen,05515,Münster,3432,8.4,14553,26573,49228,31355,22244,24819,44284,23704
93,05,Nordrhein-Westfalen,05554,Borken,3091,8.6,16306,20401,40547,28997,23649,24892,55634,23191
94,05,Nordrhein-Westfalen,05558,Coesfeld,3000,7.2,9124,11253,22718,17240,15128,17415,58541,24649
95,05,Nordrhein-Westfalen,05562,Recklinghausen,3127,13.0,55382,65718,87335,43057,28288,27181,42519,21252
96,05,Nordrhein-Westfalen,05566,Steinfurt,2976,8.8,23029,25201,48820,36059,29268,28013,54555,23173
97,05,Nordrhein-Westfalen,05570,Warendorf,3201,8.9,12797,17448,31434,21727,17788,19108,57048,24701
98,05,Nordrhein-Westfalen,05711,Bielefeld,3310,11.4,19476,34970,51918,26561,18782,17536,47040,23822
99,05,Nordrhein-Westfalen,05754,Gütersloh,3177,8.7,12948,21907,40568,30320,24999,28537,59749,26078
100,05,Nordrhein-Westfalen,05758,Herford,3055,10.8,15436,18596,33520,21678,15580,13567,50016,23629
101,05,Nordrhein-Westfalen,05762,Höxter,2901,8.4,8237,9635,18216,12005,8285,6466,51245,22962
102,05,Nordrhein-Westfalen,05766,Lippe,3185,9.7,21969,26050,45581,28716,21376,19752,49991,23512
103,05,Nordrhein-Westfalen,05770,Minden-Lübbecke,3097,10.2,19011,20426,36628,25106,19875,17777,53535,23942
104,05,Nordrhein-Westfalen,05774,Paderborn,3077,9.1,17282,22872,40420,25609,19013,18115,47849,22275
105,05,Nordrhein-Westfalen,05911,Bochum,3273,12.4,33691,51670,61398,23810,13191,12310,38724,20768
106,05,Nordrhein-Westfalen,05913,Dortmund,3315,14.4,77092,80716,72535,32838,23877,25218,37658,19991
107,05,Nordrhein-Westfalen,05914,Hagen,3267,15.9,13742,25142,32382,12502,6580,5308,40883,20726
108,05,Nordrhein-Westfalen,05915,Hamm,3022,14.9,18091,21693,22789,10977,7125,6196,39458,19052
109,05,Nordrhein-Westfalen,05916,Herne,3295,17.9,19518,24512,24444,7699,3973,3068,34882,18554
110,05,Nordrhein-Westfalen,05954,Ennepe-Ruhr-Kreis,3267,11.0,21832,35781,48336,24205,17579,20194,48983,25379
111,05,Nordrhein-Westfalen,05958,Hochsauerlandkreis,3186,10.1,18429,20342,34888,23898,17175,14507,50987,25366
112,05,Nordrhein-Westfalen,05962,Märkischer Kreis,3314,12.8,20349,35185,57238,34837,25637,23254,53937,25836
113,05,Nordrhein-Westfalen,05966,Olpe,3290,8.5,4326,7173,16609,13853,11477,10432,61300,29228
114,05,Nordrhein-Westfalen,05970,Siegen-Wittgenstein,3418,9.3,18894,20911,37730,25734,18424,14515,49335,24264
115,05,Nordrhein-Westfalen,05974,Soest,3174,10.3,19306,23543,37788,24840,18559,18030,50112,23590
116,05,Nordrhein-Westfalen,05978,Unna,2948,11.7,33127,37263,53119,29439,21573,19428,45330,22264
117,06,Hessen,06411,Kreisfreie Stadt Darmstadt,4185,8.8,4038,12435,26983,18838,12028,10669,45120,23986
118,06,Hessen,06412,Kreisfreie Stadt Frankfurt am Main,4182,10.5,13452,41138,101068,84152,78070,90938,44607,23889
119,06,Hessen,06413,Kreisfreie Stadt Offenbach am Main,3450,17.1,5493,15619,26578,11933,5363,3934,36020,19055
120,06,Hessen,06414,Landeshauptstadt Wiesbaden,3758,16.6,2379,12733,45496,36396,25917,26440,49016,26290
121,06,Hessen,06431,Bergstraße,3029,8.8,8244,18410,37154,25414,20565,23230,51962,25567
122,06,Hessen,06432,Darmstadt-Dieburg,3131,8.5,5982,14350,38449,28998,24495,28926,54288,25736
123,06,Hessen,06433,Groß-Gerau,3687,9.4,7187,20875,41144,25484,18578,18672,47244,22607
124,06,Hessen,06434,Hochtaunus,4024,7.1,805,5649,23118,24096,20936,39174,75487,36253
125,06,Hessen,06435,Main-Kinzig,3134,10.1,11526,28704,58284,38082,29734,34074,53306,25402
126,06,Hessen,06436,Main-Taunus,4061,7.2,3201,11653,28519,22476,18965,32832,59756,29469
127,06,Hessen,06437,Odenwaldkreis,2958,9.9,3796,6953,13585,9522,6785,5367,49167,23392
128,06,Hessen,06438,Offenbach,3477,9.1,5612,21795,52392,34126,26312,32549,52714,25598
129,06,Hessen,06439,Rheingau-Taunus,3172,8.1,5117,13001,24966,16986,14650,19140,54008,27085
130,06,Hessen,06440,Wetterau,3156,9.7,8064,17678,39131,28432,23515,28610,53774,25363
131,06,Hessen,06531,Gießen,3237,8.9,11768,23665,43337,24080,16650,15600,43943,21932
132,06,Hessen,06532,Lahn-Dill,3300,9.5,11576,18181,34602,23424,17967,18278,50311,24633
133,06,Hessen,06533,Limburg-Weilburg,2982,11.0,8744,14325,25025,15760,11158,11433,47291,23780
134,06,Hessen,06534,Marburg-Biedenkopf,3331,8.0,11447,20218,38299,23290,15632,12965,45267,22324
135,06,Hessen,06535,Vogelsberg,2954,9.3,5386,8438,15537,9396,6256,5390,48356,23071
136,06,Hessen,06611,Kreisfreie Stadt Kassel,3397,15.7,18319,27861,34782,14325,8024,6301,37642,20412
137,06,Hessen,06631,Fulda,2947,7.7,9695,17317,32855,20816,14887,13976,47955,23542
138,06,Hessen,06632,Hersfeld-Rotenburg,2848,9.4,7774,10785,18106,9955,6897,5410,46633,22763
139,06,Hessen,06633,Kassel,3474,9.3,10873,19151,33586,21040,15896,15177,48963,23932
140,06,Hessen,06634,Schwalm-Eder,3013,10.0,8169,15093,27380,15862,11066,9703,48038,23334
141,06,Hessen,06635,Waldeck-Frankenberg,3071,9.9,11956,13775,21798,12869,9083,8811,46722,23388
142,06,Hessen,06636,Werra-Meißner,2821,11.4,9710,10539,14972,7491,4957,3778,43098,22034
143,07,Rheinland-Pfalz,07111,Stadt Koblenz,3354,12.6,5331,10278,19138,10732,7322,5851,44229,22745
144,07,Rheinland-Pfalz,07131,Ahrweiler,2928,8.6,6037,9516,17055,10853,8643,9553,52099,24694
145,07,Rheinland-Pfalz,07132,Altenkirchen (Ww),3059,11.5,6350,9890,18272,11531,8075,6611,48593,22911
146,07,Rheinland-Pfalz,07133,Bad Kreuznach,3141,9.9,7828,13079,21636,13694,9747,9670,48809,23320
147,07,Rheinland-Pfalz,07134,Birkenfeld,2858,10.8,7622,6751,10549,6534,4746,4947,44772,22759
148,07,Rheinland-Pfalz,07135,Cochem-Zell,2876,8.2,3504,4584,7924,5075,3897,3654,50843,23724
149,07,Rheinland-Pfalz,07137,Mayen-Koblenz,2978,10.0,7524,15832,29625,18228,13473,13995,51074,23503
150,07,Rheinland-Pfalz,07138,Neuwied,3114,10.9,8448,12787,24174,15820,11565,12169,52001,24168
151,07,Rheinland-Pfalz,07140,Rhein-Hunsrück-Kreis,3032,8.5,4560,7377,13871,9002,6823,6995,53137,25047
152,07,Rheinland-Pfalz,07141,Rhein-Lahn-Kreis,3018,10.9,6427,10616,17424,10641,7469,6799,48241,23421
153,07,Rheinland-Pfalz,07143,Westerwaldkreis,2958,11.0,4922,11107,24178,18514,15438,16063,60428,27003
154,07,Rheinland-Pfalz,07211,Stadt Trier,3153,9.9,5941,11672,19380,9903,6447,5834,41027,21769
155,07,Rheinland-Pfalz,07231,Bernkastel-Wittlich,2894,8.4,5415,8586,15077,9959,7344,6765,49533,23405
156,07,Rheinland-Pfalz,07232,Eifelkreis Bitburg-Prüm,3119,8.1,4426,6894,13390,8754,6468,6587,49752,23364
157,07,Rheinland-Pfalz,07233,Vulkaneifel,2948,8.5,4230,4785,7869,4973,3749,3480,48297,23163
158,07,Rheinland-Pfalz,07235,Trier-Saarburg,2899,6.6,4727,9069,18054,13295,11328,13206,52833,24641
159,07,Rheinland-Pfalz,07311,Stadt Frankenthal (Pfalz),3487,13.1,2597,6172,7633,2837,2180,2558,45849,22545
160,07,Rheinland-Pfalz,07312,Stadt Kaiserslautern,3407,14.9,17474,13671,11839,5331,3984,4354,35234,19955
161,07,Rheinland-Pfalz,07313,Stadt Landau in der Pfalz,3051,8.8,2076,3631,6813,3900,2869,2915,46939,22232
162,07,Rheinland-Pfalz,07314,Stadt Ludwigshafen a. Rh.,4534,15.7,7492,18455,30634,11799,6638,6648,42794,20289
163,07,Rheinland-Pfalz,07315,Stadt Mainz,3554,7.8,6249,15192,34511,23726,15136,16073,45685,23176
164,07,Rheinland-Pfalz,07316,Stadt Neustadt a.d. W.,2933,10.4,2270,3725,6358,4278,3549,5215,56456,26917
165,07,Rheinland-Pfalz,07317,Stadt Pirmasens,3031,18.2,7055,4888,4814,2204,1631,1683,37238,20618
166,07,Rheinland-Pfalz,07318,Stadt Speyer,3346,10.7,1266,3648,7210,4653,3459,4024,54593,26195
167,07,Rheinland-Pfalz,07319,Stadt Worms,3102,15.5,5822,7224,10549,6509,4920,4532,46426,21982
168,07,Rheinland-Pfalz,07320,Stadt Zweibrücken,3348,12.7,3503,3319,4291,2296,1917,2268,41683,21448
169,07,Rheinland-Pfalz,07331,Alzey-Worms,2848,9.4,3801,7776,14837,11124,9328,9986,54982,24103
170,07,Rheinland-Pfalz,07332,Bad Dürkheim,2947,9.1,5000,7772,14992,11716,10084,13876,58277,27867
171,07,Rheinland-Pfalz,07333,Donnersbergkreis,3393,11.5,3531,5256,9171,6232,4900,4677,50931,22832
172,07,Rheinland-Pfalz,07334,Germersheim,3836,8.8,1995,5922,16619,11341,9438,10792,55155,23987
173,07,Rheinland-Pfalz,07335,Kaiserslautern,2892,10.6,7323,8346,14349,9494,7246,8415,43224,22502
174,07,Rheinland-Pfalz,07336,Kusel,2895,10.7,3600,6179,10657,6235,4158,3865,44525,21999
175,07,Rheinland-Pfalz,07337,Südliche Weinstraße,2986,7.9,3166,5453,11968,9676,8643,10456,56963,25442
176,07,Rheinland-Pfalz,07338,Rhein-Pfalz-Kreis,2851,7.9,2935,7592,16287,13731,12568,16357,61553,27657
177,07,Rheinland-Pfalz,07339,Mainz-Bingen,3333,8.0,3986,10397,23982,18425,16357,23185,59620,27166
178,07,Rheinland-Pfalz,07340,Südwestpfalz,2642,8.3,4895,6799,13292,8774,6214,6579,49822,24458
179,08,Baden-Württemberg,08111,Stuttgart,4351,10.4,12947,33397,79924,66986,54295,68092,53710,26660
180,08,Baden-Württemberg,08115,Böblingen,4596,6.9,5615,20638,45598,35983,31992,44978,56090,26389
181,08,Baden-Württemberg,08116,Esslingen,3740,7.3,11197,28526,68840,51703,41880,56558,54662,26431
182,08,Baden-Württemberg,08117,Göppingen,3428,8.5,9038,17630,34318,23014,18477,20618,52283,24931
183,08,Baden-Württemberg,08118,Ludwigsburg,3676,7.7,9293,24374,67502,54465,44666,59344,56853,27065
184,08,Baden-Württemberg,08119,Rems-Murr-Kreis,3425,8.1,9735,22025,51279,41324,35152,44741,55358,26465
185,08,Baden-Württemberg,08121,"Heilbronn, Stadt",3372,11.2,1333,4974,16064,15108,11832,14988,74661,37922
186,08,Baden-Württemberg,08125,"Heilbronn, Kreis",3771,7.2,8016,16528,39887,31136,27297,33112,56738,25692
187,08,Baden-Württemberg,08126,Hohenlohekreis,3559,6.4,3896,6858,13161,9651,8576,9645,55092,25326
188,08,Baden-Württemberg,08127,Schwäbisch Hall,3283,7.1,8656,12971,23977,16626,13265,15209,52692,24290
189,08,Baden-Württemberg,08128,Main-Tauber-Kreis,3189,6.3,7253,9213,15641,11021,8602,9788,52458,24374
190,08,Baden-Württemberg,08135,Heidenheim,3580,8.4,6443,10129,15897,11238,8756,9171,51254,23792
191,08,Baden-Württemberg,08136,Ostalbkreis,3672,7.2,15274,17859,34811,26826,23861,28720,54193,25429
192,08,Baden-Württemberg,08211,Baden-Baden,3303,10.1,920,2683,8046,6096,5005,6980,62090,33450
193,08,Baden-Württemberg,08212,"Karlsruhe, Stadt",3682,9.4,7723,21391,48142,37137,23820,19630,46845,23695
194,08,Baden-Württemberg,08215,"Karlsruhe, Kreis",3341,7.7,11121,23055,52659,39434,36315,43895,54111,25101
195,08,Baden-Württemberg,08216,Rastatt,3764,7.7,7099,14572,29049,20157,17293,19720,52407,24433
196,08,Baden-Württemberg,08221,Heidelberg,3718,6.3,3799,7171,21453,17955,15888,16325,47772,24433
197,08,Baden-Württemberg,08222,Mannheim,3829,14.0,14677,34891,61568,28245,16270,14414,41522,22730
198,08,Baden-Württemberg,08225,Neckar-Odenwald-Kreis,3148,8.0,6233,9802,18782,13117,9519,9100,50591,23442
199,08,Baden-Württemberg,08226,Rhein-Neckar-Kreis,3517,8.1,16036,35334,70777,49983,42741,54142,53327,26161
200,08,Baden-Württemberg,08231,Pforzheim,3249,14.6,4662,12110,24049,9658,5954,6297,46488,23152
201,08,Baden-Württemberg,08235,Calw,3187,8.6,9884,10598,17245,13316,12167,13506,52131,25121
202,08,Baden-Württemberg,08236,Enzkreis,3275,7.2,4442,9911,21681,17973,16726,20503,58711,26842
203,08,Baden-Württemberg,08237,Freudenstadt,3396,7.6,6082,6726,13845,9993,8400,9299,55768,25631
204,08,Baden-Württemberg,08311,Freiburg im Breisgau,3471,8.1,3331,15136,34492,26349,22141,18453,44034,22837
205,08,Baden-Württemberg,08315,Breisgau-Hochschwarzwald,3086,7.2,4288,11118,32139,27253,22971,26191,54584,25669
206,08,Baden-Württemberg,08316,Emmendingen,3203,7.1,2357,7685,21100,16853,13375,15087,52766,24244
207,08,Baden-Württemberg,08317,Ortenaukreis,3189,8.3,12895,25424,52818,39411,33680,35367,53179,24630
208,08,Baden-Württemberg,08325,Rottweil,3382,8.0,5893,8666,16054,11989,9804,11709,56933,26096
209,08,Baden-Württemberg,08326,Schwarzwald-Baar-Kreis,3271,9.2,11030,15073,28161,19018,14469,15382,53215,25826
210,08,Baden-Württemberg,08327,Tuttlingen,3493,9.2,3917,7963,17005,12363,10338,11840,59453,26788
211,08,Baden-Württemberg,08335,Konstanz,3267,10.2,7999,18118,37717,28610,24798,29074,51403,26269
212,08,Baden-Württemberg,08336,Lörrach,3382,8.8,4080,12109,29233,21270,18747,24997,58891,28433
213,08,Baden-Württemberg,08337,Waldshut,3117,8.9,5265,10692,22162,15502,12840,15136,55447,26457
214,08,Baden-Württemberg,08415,Reutlingen,3496,7.8,6991,15702,35879,25146,22762,27512,54836,25598
215,08,Baden-Württemberg,08416,Tübingen,3484,6.0,7519,14234,28426,21287,18227,22896,49261,24254
216,08,Baden-Württemberg,08417,Zollernalbkreis,3261,8.3,9863,11324,21269,15557,13505,16950,56876,26572
217,08,Baden-Württemberg,08421,Ulm,3650,8.3,3726,8695,17727,12937,9796,12448,51539,26555
218,08,Baden-Württemberg,08425,Alb-Donau-Kreis,3239,6.3,5834,10115,21591,17332,15887,18493,54107,24504
219,08,Baden-Württemberg,08426,Biberach,3716,6.5,9384,11648,20386,15529,15138,19448,54254,24672
220,08,Baden-Württemberg,08435,Bodenseekreis,3896,7.3,3659,12312,26882,20171,18083,26539,55094,27271
221,08,Baden-Württemberg,08436,Ravensburg,3250,7.0,11890,15218,30745,22604,22356,29355,53701,24867
222,08,Baden-Württemberg,08437,Sigmaringen,3288,9.1,5935,8769,15800,11163,9219,9366,51435,23684
223,09,Freistaat Bayern,09161,Ingolstadt,4635,7.2,4448,8662,16138,10417,10622,17449,50755,25023
224,09,Freistaat Bayern,09162,"München, Landeshauptstadt",4169,9.0,7885,40427,154461,153910,182273,280434,60713,33517
225,09,Freistaat Bayern,09163,"Rosenheim, Stadt",3291,10.3,1909,5212,9933,5932,4657,6046,45541,24142
226,09,Freistaat Bayern,09171,Altötting,3524,6.9,5600,7449,11778,8225,8540,11114,50882,24049
227,09,Freistaat Bayern,09172,Berchtesgadener Land,2923,6.7,4488,9119,13933,7122,7211,10915,46657,23251
228,09,Freistaat Bayern,09173,Bad Tölz-Wolfratshausen,3104,6.7,1241,4716,14573,10650,9700,20747,57089,27504
229,09,Freistaat Bayern,09174,Dachau,3085,6.1,1512,4256,12206,12788,15844,23817,58310,26510
230,09,Freistaat Bayern,09175,Ebersberg,3103,5.8,1202,3584,11619,9860,13081,25674,62036,28079
231,09,Freistaat Bayern,09176,Eichstätt,3219,3.7,2380,4916,10697,10068,12142,18803,57460,25515
232,09,Freistaat Bayern,09177,Erding,2936,6.3,2171,6137,12004,9936,11459,19831,58221,25928
233,09,Freistaat Bayern,09178,Freising,3440,7.0,2722,7220,18746,16834,16521,22700,53428,25153
234,09,Freistaat Bayern,09179,Fürstenfeldbruck,3164,6.5,2411,7898,20114,17222,20453,34243,58379,27242
235,09,Freistaat Bayern,09180,Garmisch-Partenkirchen,2843,7.5,2668,6149,12383,8109,7348,11918,46810,25715
236,09,Freistaat Bayern,09181,Landsberg am Lech,3308,5.7,3286,4487,10196,9029,10774,18917,56870,26798
237,09,Freistaat Bayern,09182,Miesbach,3099,7.2,673,3127,9846,7874,9446,20125,58857,30068
238,09,Freistaat Bayern,09183,Mühldorf a.Inn,3074,7.9,5279,6157,11351,9166,9131,11658,53861,24516
239,09,Freistaat Bayern,09184,"München, Kreis",4227,6.4,817,5153,26632,28581,37630,69032,66852,32016
240,09,Freistaat Bayern,09185,Neuburg-Schrobenhausen,3209,5.4,3187,5294,9570,7356,8017,11705,53919,25008
241,09,Freistaat Bayern,09186,Pfaffenhofen a.d.Ilm,3282,6.3,3180,5028,10367,10170,11423,18908,57932,26690
242,09,Freistaat Bayern,09187,"Rosenheim, Kreis",3023,6.5,5043,13085,25630,19849,22946,38905,55434,26613
243,09,Freistaat Bayern,09188,Starnberg,3656,6.3,650,2117,8497,8504,11684,34210,75824,36430
244,09,Freistaat Bayern,09189,Traunstein,3249,5.9,7788,11484,17023,12862,15076,22826,51401,25236
245,09,Freistaat Bayern,09190,Weilheim-Schongau,3509,6.7,4147,7806,13140,10366,11170,18741,54477,26286
246,09,Freistaat Bayern,09261,"Landshut, Stadt",3140,8.4,3139,7285,9416,5296,4922,7164,49041,24866
247,09,Freistaat Bayern,09262,"Passau, Stadt",3265,9.7,9541,6678,7167,3254,2566,2707,35721,21589
248,09,Freistaat Bayern,09263,Straubing,3007,11.5,2567,4769,6568,3812,3173,4025,44086,22982
249,09,Freistaat Bayern,09271,Deggendorf,3056,7.5,6656,8109,12545,8913,9097,12044,49541,23786
250,09,Freistaat Bayern,09272,Freyung-Grafenau,2773,6.1,5113,4769,9166,7372,6077,6125,46390,22864
251,09,Freistaat Bayern,09273,Kelheim,3094,6.5,3860,5531,11531,9680,10146,13518,54631,24091
252,09,Freistaat Bayern,09274,"Landshut, Kreis",3096,5.6,3750,6013,12881,12456,14849,20848,57773,25580
253,09,Freistaat Bayern,09275,"Passau, Kreis",2749,6.6,12401,10321,19209,15605,15466,17419,48454,22741
254,09,Freistaat Bayern,09276,Regen,2888,6.5,6537,5133,8366,6655,5704,5326,45967,22399
255,09,Freistaat Bayern,09277,Rottal-Inn,2796,6.3,4133,7006,12665,9892,9834,12254,53199,24425
256,09,Freistaat Bayern,09278,Straubing-Bogen,2834,5.3,2950,4363,9737,7885,8509,10975,54949,24138
257,09,Freistaat Bayern,09279,Dingolfing-Landau,3911,6.3,3711,4568,7839,6338,8037,12400,57708,25602
258,09,Freistaat Bayern,09361,Amberg,3416,10.3,2535,4408,6328,3929,2901,3489,40692,22743
259,09,Freistaat Bayern,09362,"Regensburg, Stadt",3676,9.8,8692,15706,27899,16372,9767,11913,40219,23736
260,09,Freistaat Bayern,09363,Weiden i.d.OPf.,2823,11.7,4753,5172,6449,3403,2364,2343,40404,23144
261,09,Freistaat Bayern,09371,Amberg-Sulzbach,3107,6.2,4452,6772,11640,8904,8363,9277,49146,23563
262,09,Freistaat Bayern,09372,Cham,2821,6.0,5946,7319,14613,11025,10015,11637,50228,23763
263,09,Freistaat Bayern,09373,Neumarkt i.d.OPf.,3182,5.4,4350,5919,12652,10770,11534,15716,55957,25340
264,09,Freistaat Bayern,09374,Neustadt a.d.Waldnaab,2942,6.6,5626,6921,12000,8370,6989,7352,46174,23103
265,09,Freistaat Bayern,09375,"Regensburg, Kreis",3111,5.9,5661,9331,17961,15823,17264,23105,54263,24925
266,09,Freistaat Bayern,09376,Schwandorf,2965,7.2,6307,8679,17055,13231,12487,13682,47089,22750
267,09,Freistaat Bayern,09377,Tirschenreuth,2887,5.9,5004,5190,9292,6344,4727,3975,48197,23101
268,09,Freistaat Bayern,09461,"Bamberg, Stadt",3367,8.4,3823,8523,14976,7609,4297,4396,40542,22858
269,09,Freistaat Bayern,09462,"Bayreuth, Stadt",3137,9.8,8134,11280,11474,4337,3152,3670,38624,21716
270,09,Freistaat Bayern,09463,"Coburg, Stadt",3551,9.3,2929,4060,6609,3460,2664,3838,44936,25777
271,09,Freistaat Bayern,09464,"Hof, Stadt",2668,14.1,7763,6107,5479,2059,2012,2371,37586,21154
272,09,Freistaat Bayern,09471,"Bamberg, Kreis",2888,6.1,2598,7232,19064,14800,12036,13658,50733,23921
273,09,Freistaat Bayern,09472,"Bayreuth, Kreis",2849,6.4,5450,6517,12298,8948,7799,8382,49403,23540
274,09,Freistaat Bayern,09473,"Coburg, Kreis",2655,7.7,2771,5835,10925,8421,6333,7705,56571,27383
275,09,Freistaat Bayern,09474,Forchheim,3088,6.2,3515,5510,12074,10083,10082,13571,54159,25557
276,09,Freistaat Bayern,09475,"Hof, Kreis",2698,8.9,8966,8923,12299,7301,5298,4791,46201,23187
277,09,Freistaat Bayern,09476,Kronach,2745,6.9,3625,5502,10425,6520,4280,3125,48182,24167
278,09,Freistaat Bayern,09477,Kulmbach,2956,7.6,4415,5635,9089,5987,4738,5274,50351,24722
279,09,Freistaat Bayern,09478,Lichtenfels,2724,7.3,2995,5041,9194,5868,4618,4572,47834,23129
280,09,Freistaat Bayern,09479,Wunsiedel i.Fichtelgebirge,2887,9.2,8212,7682,9486,5032,3637,3760,45165,23503
281,09,Freistaat Bayern,09561,"Ansbach, Stadt",3171,10.5,2756,4300,6780,3396,2437,3206,42692,23364
282,09,Freistaat Bayern,09562,Erlangen,4633,6.8,7180,11490,18976,9663,7465,10788,43572,25386
283,09,Freistaat Bayern,09563,"Fürth, Stadt",3221,11.8,6864,10920,20148,12668,8565,8626,46282,24417
284,09,Freistaat Bayern,09564,Nürnberg,3470,11.9,53236,53298,73315,42284,29426,35411,42492,23523
285,09,Freistaat Bayern,09565,Schwabach,3011,8.1,2208,2724,4546,3053,2944,4815,54550,27008
286,09,Freistaat Bayern,09571,"Ansbach, Kreis",2865,6.1,4677,9841,23023,16467,13989,16021,53204,24216
287,09,Freistaat Bayern,09572,Erlangen-Höchstadt,3953,5.0,3169,6084,11766,11369,11970,20040,57534,26993
288,09,Freistaat Bayern,09573,"Fürth, Kreis",2862,6.5,4591,6367,13180,9786,9673,13975,53407,26090
289,09,Freistaat Bayern,09574,Nürnberger Land,3143,6.8,4836,10005,18876,14103,14382,19840,55501,26661
290,09,Freistaat Bayern,09575,Neustadt a.d.Aisch-Bad Windsheim,2765,6.8,3539,6153,12994,9066,7216,7992,51396,23893
291,09,Freistaat Bayern,09576,Roth,2975,5.7,3047,5377,13866,11078,10768,14185,55351,25468
292,09,Freistaat Bayern,09577,Weißenburg-Gunzenhausen,3029,7.1,3849,6072,11561,7943,7036,7810,50557,23626
293,09,Freistaat Bayern,09661,"Aschaffenburg, Stadt",3327,10.9,2365,6250,12785,8239,5056,4920,44319,24727
294,09,Freistaat Bayern,09662,"Schweinfurt, Stadt",3962,10.6,4587,7633,8914,3031,2005,2327,41108,21927
295,09,Freistaat Bayern,09663,"Würzburg, Stadt",3317,7.7,7775,18455,26990,10735,6702,7195,41142,25036
296,09,Freistaat Bayern,09671,"Aschaffenburg, Kreis",3070,7.1,2883,8638,22332,17995,16083,18517,51683,25648
297,09,Freistaat Bayern,09672,Bad Kissingen,2887,6.5,6409,8294,13838,8865,6888,7202,47395,23642
298,09,Freistaat Bayern,09673,Rhön-Grabfeld,3117,5.7,2359,4584,10439,6823,6154,6593,51539,23915
299,09,Freistaat Bayern,09674,Haßberge,3128,6.7,2809,5399,11535,8252,5949,6151,48791,23183
300,09,Freistaat Bayern,09675,Kitzingen,3064,6.7,2701,5847,12192,8857,6338,6590,52035,24275
301,09,Freistaat Bayern,09676,Miltenberg,3108,8.2,3277,7937,17880,12855,10150,10474,49751,24180
302,09,Freistaat Bayern,09677,Main-Spessart,3400,5.6,3854,7728,18484,12264,9092,9261,50956,24510
303,09,Freistaat Bayern,09678,"Schweinfurt, Kreis",2709,5.0,3296,7162,14919,10375,8624,9671,51095,23921
304,09,Freistaat Bayern,09679,"Würzburg, Kreis",2980,5.4,5426,9981,20101,15160,13156,15008,50456,24507
305,09,Freistaat Bayern,09761,"Augsburg, Stadt",3550,11.1,19536,35086,53161,25269,15457,14221,37575,20617
306,09,Freistaat Bayern,09762,Kaufbeuren,3064,10.8,1967,3793,6666,3812,2837,3483,45372,23053
307,09,Freistaat Bayern,09763,Kempten (Allgäu),3161,10.0,5017,8438,10421,5056,3641,4208,42675,22699
308,09,Freistaat Bayern,09764,Memmingen,3259,10.2,1633,2797,5967,3953,3043,4614,56430,28160
309,09,Freistaat Bayern,09771,Aichach-Friedberg,2973,5.6,4297,5478,11256,9926,11345,19017,57957,26392
310,09,Freistaat Bayern,09772,"Augsburg, Kreis",2922,6.5,7323,14391,25669,19684,20223,31230,55025,25729
311,09,Freistaat Bayern,09773,Dillingen a.d.Donau,3140,6.6,2000,4481,9794,7839,7982,10686,56524,25043
312,09,Freistaat Bayern,09774,Günzburg,3116,7.4,4009,6357,13392,10346,10139,13227,55153,24952
313,09,Freistaat Bayern,09775,Neu-Ulm,3392,7.3,6624,11214,19882,14850,14073,18468,51711,25121
314,09,Freistaat Bayern,09776,Lindau (Bodensee),3334,7.6,2161,5987,10147,7380,6900,9920,53251,27603
315,09,Freistaat Bayern,09777,Ostallgäu,3231,6.3,6276,9519,14690,10797,11559,15063,50545,24311
316,09,Freistaat Bayern,09778,Unterallgäu,3297,6.1,6295,8176,13553,11087,11793,16119,56037,25841
317,09,Freistaat Bayern,09779,Donau-Ries,3368,5.6,3850,6763,14413,10754,10357,14713,56957,25906
318,09,Freistaat Bayern,09780,Oberallgäu,2978,6.4,7452,12554,18456,11124,11892,18460,49455,25340
319,10,Saarland,10041,Regionalverband Saarbrücken,3431,14.4,30338,37075,52332,26755,16679,14484,36985,19989
320,10,Saarland,10042,Landkreis Merzig-Wadern,3028,9.2,7067,7527,13137,8241,6604,6511,41070,19527
321,10,Saarland,10043,Landkreis Neunkirchen,3190,12.0,12572,12702,18982,10584,6946,6079,40413,20871
322,10,Saarland,10044,Landkreis Saarlouis,3268,9.8,14369,16209,27409,17244,11808,11995,42625,21723
323,10,Saarland,10045,Saarpfalz-Kreis,3494,9.1,13343,10518,18128,11588,9298,9798,45803,23409
324,10,Saarland,10046,Landkreis St. Wendel,3102,7.8,4513,7137,12612,7880,5787,5887,45315,22820
325,11,Berlin,11000,Berlin,3126,12.5,208173,344586,557580,360454,282977,246694,39469,21517
326,12,Brandenburg,12051,Brandenburg an der Havel,2765,15.9,12055,11577,8987,3713,2163,1791,34253,19116
327,12,Brandenburg,12052,Cottbus,2653,11.6,16894,16278,12724,5374,3494,2057,35224,20079
328,12,Brandenburg,12053,Frankfurt (Oder),2692,12.7,8003,10595,7924,2199,1426,1000,35313,19046
329,12,Brandenburg,12054,Potsdam,2979,8.8,6163,14999,32001,17980,12217,11107,41205,21585
330,12,Brandenburg,12060,Barnim,2402,9.5,19294,15301,18747,12413,10699,12355,44132,21158
331,12,Brandenburg,12061,Dahme-Spreewald,2518,9.4,13400,13538,20699,12837,10400,11671,44953,21726
332,12,Brandenburg,12062,Elbe-Elster,2215,9.0,12074,11522,14959,6920,4049,2242,39334,19996
333,12,Brandenburg,12063,Havelland,2227,10.3,14862,11500,17638,10987,9829,12406,44495,21080
334,12,Brandenburg,12064,Märkisch-Oderland,2408,9.8,17293,17495,23857,14157,11161,11703,43422,21221
335,12,Brandenburg,12065,Oberhavel,2591,9.6,19412,16333,24622,14942,12640,16445,44606,21871
336,12,Brandenburg,12066,Oberspreewald-Lausitz,2490,9.5,14721,14024,12734,7009,5034,3719,39774,20816
337,12,Brandenburg,12067,Oder-Spree,2532,9.5,20369,17371,23400,13320,9253,7705,41894,21419
338,12,Brandenburg,12068,Ostprignitz-Ruppin,2310,12.5,13667,11525,12044,6522,4538,3560,37827,19841
339,12,Brandenburg,12069,Potsdam-Mittelmark,2479,7.6,10062,14832,23449,14707,13120,20439,53050,23665
340,12,Brandenburg,12070,Prignitz,2239,11.5,15673,9498,9918,4651,3042,1805,34374,20124
341,12,Brandenburg,12071,Spree-Neiße,2532,9.5,14519,11285,14757,8573,5742,3983,41414,21435
342,12,Brandenburg,12072,Teltow-Fläming,2441,10.5,16562,14286,19556,11485,9175,10103,43352,20699
343,12,Brandenburg,12073,Uckermark,2334,10.4,17939,14916,15488,7121,4813,2934,36395,19341
344,13,Mecklenburg-Vorpommern,13003,"Rostock, Hansestadt",2763,10.8,25791,34297,34569,12349,7031,6009,34090,19563
345,13,Mecklenburg-Vorpommern,13004,"Schwerin, Landeshauptstadt",2795,13.5,13192,15610,14112,5479,3138,2700,36151,20496
346,13,Mecklenburg-Vorpommern,13071,Mecklenburgische Seenplatte,2325,10.4,34981,30624,31490,15973,11854,8893,38731,20083
347,13,Mecklenburg-Vorpommern,13072,Landkreis Rostock,2239,9.9,19164,17930,24887,15738,13082,11793,44358,21089
348,13,Mecklenburg-Vorpommern,13073,Vorpommern-Rügen,2194,10.9,26381,27157,30054,15622,11335,8775,38026,20193
349,13,Mecklenburg-Vorpommern,13074,Nordwestmecklenburg,2495,10.5,21068,15417,17063,9686,8665,8773,39611,20312
350,13,Mecklenburg-Vorpommern,13075,Vorpommern-Greifswald,2244,9.7,32583,30550,30336,14451,9561,7527,36330,19274
351,13,Mecklenburg-Vorpommern,13076,Ludwigslust-Parchim,2295,10.1,22407,20928,26617,15220,11149,8698,42416,21034
352,14,Sachsen,14511,Chemnitz,2633,11.6,41308,42829,38815,10997,6379,5393,35811,21185
353,14,Sachsen,14521,Erzgebirgskreis,2191,8.2,34804,38503,52600,25866,13837,7428,41641,21512
354,14,Sachsen,14522,Mittelsachsen,2243,9.4,32389,36462,43645,20896,13065,8183,42381,21551
355,14,Sachsen,14523,Vogtlandkreis,2241,10.5,32350,30099,33614,12809,7809,5633,39601,21433
356,14,Sachsen,14524,Zwickau,2484,10.0,39666,41554,47280,19816,12041,8843,41143,22100
357,14,Sachsen,14612,Dresden,2987,9.4,70328,77358,67388,38497,27746,22915,37912,20716
358,14,Sachsen,14625,Bautzen,2283,8.2,28414,30922,42210,22013,13709,9674,43945,21542
359,14,Sachsen,14626,Görlitz,2183,8.9,34744,34908,36389,14385,8714,5217,38463,20448
360,14,Sachsen,14627,Meißen,2418,9.1,24714,26555,32210,16699,12133,11008,43461,22173
361,14,Sachsen,14628,Sächsische Schweiz-Osterzgebirge,2298,8.4,24323,26016,33751,18537,11594,9586,43018,21687
362,14,Sachsen,14713,"Leipzig, Stadt",2807,13.2,83650,70923,84375,44271,29362,18963,34451,19257
363,14,Sachsen,14729,"Leipzig, Kreis",2275,10.0,25372,24919,33523,18696,13585,12433,45302,22556
364,14,Sachsen,14730,Nordsachsen,2371,11.2,22520,22278,27164,13541,8907,6720,41244,21093
365,15,Sachsen-Anhalt,15001,Dessau-Roßlau,2664,12.9,14105,13042,9630,3519,2649,2528,37343,21199
366,15,Sachsen-Anhalt,15002,Halle (Saale),2806,16.4,36402,44126,33007,11659,5698,3934,32817,18531
367,15,Sachsen-Anhalt,15003,Magdeburg,2760,14.7,36453,39130,33502,10694,6601,5836,35389,19696
368,15,Sachsen-Anhalt,15081,Altmarkkreis Salzwedel,2266,12.4,8285,7160,10658,6046,4581,3194,43869,21057
369,15,Sachsen-Anhalt,15082,Anhalt-Bitterfeld,2321,12.6,24141,19663,20172,10147,6870,4707,38064,20583
370,15,Sachsen-Anhalt,15083,Börde,2513,10.7,15871,16837,22944,12775,9149,6662,43876,21624
371,15,Sachsen-Anhalt,15084,Burgenlandkreis,2383,11.6,24494,22226,23763,11261,7688,5140,39020,20633
372,15,Sachsen-Anhalt,15085,Harz,2450,12.6,31559,24913,28877,14391,9350,6396,38504,20846
373,15,Sachsen-Anhalt,15086,Jerichower Land,2352,12.0,9063,8762,11730,6363,4710,3400,43597,21426
374,15,Sachsen-Anhalt,15087,Mansfeld-Südharz,2324,12.4,18557,18226,18225,8094,5198,2913,38134,20124
375,15,Sachsen-Anhalt,15088,Saalekreis,2528,11.7,22034,18912,23937,13528,9902,7082,41447,21510
376,15,Sachsen-Anhalt,15089,Salzlandkreis,2449,13.1,27232,24082,25420,12306,7227,4449,37693,20073
377,15,Sachsen-Anhalt,15090,Stendal,2358,12.6,13226,13933,15471,6961,4260,2715,39107,19895
378,15,Sachsen-Anhalt,15091,Wittenberg,2293,10.6,16694,14412,17161,7946,5304,3763,40383,21098
379,16,Thüringen,16051,Erfurt,2679,11.1,22664,30285,31337,15038,8633,7094,37193,19997
380,16,Thüringen,16052,Gera,2390,11.8,16095,15552,13262,3668,2288,2267,36088,20590
381,16,Thüringen,16053,Jena,3066,5.9,11977,14362,13828,9585,5541,4414,36569,19610
382,16,Thüringen,16054,Suhl,2540,10.7,7182,4775,4429,1985,1413,1052,38977,22075
383,16,Thüringen,16055,Weimar,2902,10.7,6903,7350,9664,5278,2585,2386,37537,19661
384,16,Thüringen,16056,Eisenach,2721,12.1,6031,5888,5666,2459,1431,1203,38215,20512
385,16,Thüringen,16061,Eichsfeld,2360,6.4,6012,7900,15539,8376,4922,2929,45789,20914
386,16,Thüringen,16062,Nordhausen,2467,10.3,12031,10899,12051,4661,2801,1905,37259,19809
387,16,Thüringen,16063,Wartburgkreis,2514,8.1,7981,10703,19089,9800,6018,3644,46803,22516
388,16,Thüringen,16064,Unstrut-Hainich-Kreis,2242,10.0,10702,11968,15013,6282,4047,2679,40006,19837
389,16,Thüringen,16065,Kyffhäuserkreis,2427,11.5,10417,8230,9913,4929,3216,1801,37613,19516
390,16,Thüringen,16066,Schmalkalden-Meiningen,2352,9.6,12838,13477,18516,8953,5607,3705,42231,21331
391,16,Thüringen,16067,Gotha,2468,10.5,14856,15591,20849,8956,5345,3513,39837,20408
392,16,Thüringen,16068,Sömmerda,2388,9.5,6757,6985,9441,5077,3461,2094,41741,20330
393,16,Thüringen,16069,Hildburghausen,2311,8.4,3823,5257,9729,5273,3119,2011,46381,21439
394,16,Thüringen,16070,Ilm-Kreis,2509,9.5,14834,14306,14284,6354,4318,3231,38004,20505
395,16,Thüringen,16071,Weimarer Land,2372,9.5,7555,7538,11418,6209,4283,2921,42196,20505
396,16,Thüringen,16072,Sonneberg,2362,8.9,6673,6781,8595,3821,2395,1530,41410,21377
397,16,Thüringen,16073,Saalfeld-Rudolstadt,2466,8.3,13168,11840,15216,7280,4716,3086,39934,21401
398,16,Thüringen,16074,Saale-Holzland-Kreis,2288,7.6,6760,8276,11600,6398,4254,2697,43470,20954
399,16,Thüringen,16075,Saale-Orla-Kreis,2253,7.6,8286,9348,12442,5455,3118,1890,40999,20695
400,16,Thüringen,16076,Greiz,2233,7.8,11346,12277,14394,6281,3931,2493,41175,21443
401,16,Thüringen,16077,Altenburger Land,2218,9.0,11365,12196,13095,5695,3193,1890,39295,20851
