_id,ags2,bundesland,ags5,kreis,kr_dl_qu,kr_id_qu,kr_abh_alt,kr_abh_ju,kr_alo_q,kr_erwt_ao,kr_erwt_ao_b1,kr_erwt_ao_b2,kr_erwt_ao_b3,kr_erwt_ao_b4,kr_erwt_ao_b5,kr_erwt_ao_b6,kr_erwt_ao_b7,kr_erwt_ao_b8,kr_erwt_ao_b9,kr_erwt_ao_b99,kr_erwpers,kr_be_ao,kr_be_ao_vz,kr_be_ao_tz,kr_be_wo,kr_be_wo_vz,kr_be_wo_tz,kr_selbst,kr_mithfam,kr_beamte,kr_rentner
1,01,Schleswig-Holstein,01001,"Flensburg, Stadt",60.2,11.4,30.2,19.0,8.7,66943,83,0,2243,5050,5081,14756,6131,32508,535,556,47951,44609,29266,15343,32321,21155,11166,3346,-99,1479,21429
2,01,Schleswig-Holstein,01002,"Kiel, Landeshauptstadt",59.8,10.9,26.7,17.8,8.3,190296,283,10,6420,12830,9577,31930,19642,100809,5998,2797,127593,125485,83562,41923,88170,57141,31029,9530,-99,4630,54211
3,01,Schleswig-Holstein,01003,"Lübeck, Hansestadt",52.5,15.8,36.1,19.5,8.0,143649,293,266,5844,9667,9752,26818,10964,76037,2053,1955,104497,99051,66894,32157,76728,52073,24655,8627,-99,2421,57457
4,01,Schleswig-Holstein,01004,"Neumünster, Stadt",59.1,16.1,35.3,21.0,8.8,58489,325,71,4210,3171,3306,12321,6200,25870,885,2130,38511,40640,29073,11567,30013,20701,9312,3494,-99,1107,20779
5,01,Schleswig-Holstein,01051,Dithmarschen,33.7,13.0,39.2,20.5,6.1,67267,1269,33,4580,5040,7702,7649,3748,33188,2708,1350,62924,42531,29502,13029,48777,34298,14479,6926,1220,2667,37086
6,01,Schleswig-Holstein,01053,Herzogtum Lauenburg,27.2,10.1,35.0,22.2,5.2,77808,852,42,4793,6782,3493,13989,6493,38277,1936,1151,94313,48825,32292,16533,74895,52429,22466,10641,668,4223,51435
7,01,Schleswig-Holstein,01054,Nordfriesland,45.1,10.2,37.8,20.1,5.3,100323,1306,155,6466,5034,6457,14006,6754,54587,4270,1288,84851,61001,41844,19157,61341,41574,19767,11218,1559,3748,46239
8,01,Schleswig-Holstein,01055,Ostholstein,38.5,10.0,44.8,19.2,5.6,100965,1159,96,6204,6732,3511,12548,7632,57598,2927,2558,93718,62116,40194,21922,73072,48546,24526,12062,678,4046,61191
9,01,Schleswig-Holstein,01056,Pinneberg,31.2,13.2,34.5,21.8,5.1,144299,1745,6,8725,17386,6256,29054,12391,64951,2034,1751,156235,92691,64521,28170,126492,89577,36915,17980,1473,6036,79910
10,01,Schleswig-Holstein,01057,Plön,25.0,7.8,42.1,20.9,4.5,48720,737,68,3794,2989,2169,7477,2690,27081,982,733,59401,27975,17453,10522,46060,30500,15560,6800,549,2172,37060
11,01,Schleswig-Holstein,01058,Rendsburg-Eckernförde,32.5,10.8,36.8,21.6,4.4,131818,1816,101,8471,10122,6490,23060,9905,68175,1747,1931,127380,79919,53737,26182,99934,67429,32505,14880,1865,5159,73747
12,01,Schleswig-Holstein,01059,Schleswig-Flensburg,33.0,9.5,37.6,22.0,4.7,93289,1689,117,6482,7658,4942,17233,7530,44738,1603,1297,97924,56550,37327,19223,70647,46383,24264,11184,1864,3599,55965
13,01,Schleswig-Holstein,01060,Segeberg,36.5,13.9,33.8,21.6,4.5,139375,1296,329,8719,19676,5775,33070,12577,54560,1261,2112,137968,93038,66305,26733,113212,80313,32899,15140,918,5466,71988
14,01,Schleswig-Holstein,01061,Steinburg,30.8,12.8,35.2,20.5,5.7,62231,1009,24,6003,6128,3862,9610,5365,28378,1165,687,63755,39389,26680,12709,50794,35791,15003,7155,-99,3095,34252
15,01,Schleswig-Holstein,01062,Stormarn,38.3,16.2,36.6,22.6,3.4,129169,1115,30,6431,17728,4498,27558,9497,58247,2102,1963,117959,86542,62206,24336,95471,67064,28407,14957,618,6446,63417
16,02,Hamburg,02000,Hamburg,65.0,11.9,27.2,20.7,7.0,1123599,1673,2289,38158,82966,69319,201728,144620,567542,4914,10390,931688,996029,714733,281296,733474,513879,219595,122076,5464,56383,404074
17,03,Niedersachsen,03101,Braunschweig,60.8,16.3,31.5,18.2,5.3,175641,386,60,5617,15340,5294,22459,17991,102534,3216,2744,129801,132229,92431,39798,99742,71287,28455,8786,-99,5051,55590
18,03,Niedersachsen,03102,Salzgitter,30.3,41.8,36.3,23.2,9.6,61113,261,27,3408,11896,4727,9547,2434,25960,545,2308,49726,48610,38347,10263,39018,28734,10284,2136,-99,1981,28605
19,03,Niedersachsen,03103,Wolfsburg,58.0,91.8,34.9,21.3,4.8,137144,711,58,4077,49557,2076,13542,3443,61230,1692,758,63456,121297,102281,19016,49799,38291,11508,3321,-99,2903,31859
20,03,Niedersachsen,03151,Gifhorn,26.1,9.2,30.1,22.2,4.4,60078,926,222,2886,6113,1508,6542,3401,36703,1020,757,86494,43034,28388,14646,72209,52919,19290,6203,1109,5021,43303
21,03,Niedersachsen,03153,Goslar,38.2,13.7,43.9,17.6,6.5,65913,473,160,2845,6103,2071,7806,3864,37543,1226,3822,62486,45622,30694,14928,48075,33148,14927,6530,737,2412,40695
22,03,Niedersachsen,03154,Helmstedt,27.4,10.0,36.4,20.1,6.3,31300,634,18,1606,2075,2562,5466,1885,15473,588,993,45557,23139,15295,7844,37233,27430,9803,3312,486,2120,25026
23,03,Niedersachsen,03155,Northeim,31.7,20.1,40.4,19.5,5.6,63616,986,13,3276,9154,1180,9192,2721,34466,2147,481,64361,45700,31803,13897,51302,35691,15611,4989,611,2065,38704
24,03,Niedersachsen,03157,Peine,24.4,11.7,33.3,22.1,4.9,47235,638,33,2871,5378,2283,6598,3624,24262,658,890,65466,33041,22203,10838,53477,38360,15117,5022,358,3009,34211
25,03,Niedersachsen,03158,Wolfenbüttel,23.4,7.8,36.7,19.8,4.8,38689,580,29,2390,3436,1081,4768,1928,23104,821,552,58488,25091,15753,9338,46981,33402,13579,5100,-99,2343,32013
26,03,Niedersachsen,03159,Göttingen,45.2,14.1,34.2,18.9,5.8,183682,1206,122,7373,20610,7613,26791,12942,102219,3183,1623,158303,130380,86164,44216,122112,80456,41656,11760,1075,5130,84644
27,03,Niedersachsen,03241,Hannover,52.8,13.4,32.3,20.9,7.0,726178,2776,3026,22908,92241,25246,104875,63178,398662,5143,8123,576940,517176,365013,152163,445400,311729,133671,52961,5039,32595,272978
28,03,Niedersachsen,03251,Diepholz,32.7,15.7,34.5,21.0,4.3,105963,2748,536,6326,13579,4661,16914,8722,47980,1467,3030,108947,71743,49161,22582,89607,63940,25667,11762,1527,5467,56073
29,03,Niedersachsen,03252,Hameln-Pyrmont,39.3,16.0,41.0,20.6,6.7,73940,873,81,2913,10018,1329,10986,4712,41716,800,512,70400,52107,34808,17299,55993,38457,17536,6594,827,2579,42159
30,03,Niedersachsen,03254,Hildesheim,34.8,15.9,36.2,19.6,6.3,133605,1351,328,6341,19411,5422,21919,8628,67242,1919,1044,135432,92824,63654,29170,105637,73694,31943,11127,1258,5046,74903
31,03,Niedersachsen,03255,Holzminden,25.9,22.9,42.0,19.5,6.9,32131,312,295,1412,3862,890,6441,2929,15310,418,262,32881,22867,16068,6799,25887,18475,7412,2546,-99,1028,20429
32,03,Niedersachsen,03256,Nienburg/Weser,31.0,17.4,34.2,21.3,5.2,61122,1550,160,3523,8603,2510,11985,4447,26693,894,757,61522,40807,28712,12095,48191,34083,14108,5720,830,2584,32309
33,03,Niedersachsen,03257,Schaumburg,31.3,12.8,38.7,20.1,5.8,67809,659,70,3566,11940,2067,10295,4395,33179,1001,637,74739,45722,30885,14837,59437,41633,17804,7321,908,3339,44313
34,03,Niedersachsen,03351,Celle,34.8,14.5,36.9,22.4,6.3,86260,1156,8,5639,5655,3511,13482,4566,50116,1181,946,83637,58177,39842,18335,66722,46418,20304,8814,938,4751,49041
35,03,Niedersachsen,03352,Cuxhaven,26.7,9.3,40.4,21.2,5.7,74791,2123,25,7570,5778,3385,10264,5271,37807,1673,895,94338,49184,32202,16982,73246,50908,22338,9831,1711,5073,57963
36,03,Niedersachsen,03353,Harburg,29.2,8.4,34.9,22.2,4.1,102609,1375,10,8667,9323,4677,17542,10875,46224,2593,1323,126079,66551,45199,21352,103713,73589,30124,14912,1354,10748,65530
37,03,Niedersachsen,03354,Lüchow-Dannenberg,31.2,14.6,45.7,20.1,8.1,22834,719,17,1016,1829,596,3078,1022,13375,961,221,20526,14437,8720,5717,15669,10075,5594,2954,-99,985,15317
38,03,Niedersachsen,03355,Lüneburg,35.4,10.6,29.9,21.4,5.8,88029,1297,162,4966,9504,2296,13008,4871,49927,1250,748,88879,59504,39415,20089,69782,47936,21846,9675,-99,6171,44902
39,03,Niedersachsen,03356,Osterholz,26.1,8.9,36.8,21.4,3.7,41496,676,25,3125,3346,1389,6555,2634,22310,958,478,54468,27060,17128,9932,44752,30607,14145,5938,718,2754,30253
40,03,Niedersachsen,03357,Rotenburg (Wümme),36.1,14.4,31.9,21.0,3.9,85735,2371,29,8737,6398,3345,14096,6459,41855,1246,1199,84425,56996,39428,17568,67816,47545,20271,9186,1331,4757,41884
41,03,Niedersachsen,03358,Heidekreis,37.6,13.3,34.8,21.2,5.8,74786,1258,656,6564,6962,2443,12497,4465,34761,1417,3763,68405,48061,32638,15423,54385,37906,16479,6422,669,3945,36514
42,03,Niedersachsen,03359,Stade,31.7,13.7,32.9,22.2,5.5,92920,1540,226,5901,7097,4120,18777,7569,44760,1343,1587,104186,63267,43588,19679,82731,60210,22521,8961,1936,9143,51351
43,03,Niedersachsen,03360,Uelzen,36.9,12.1,39.9,19.7,5.5,43181,1531,2,2191,3440,1293,7832,2526,22050,1710,606,42995,30051,19736,10315,34050,23043,11007,4695,825,1975,26796
44,03,Niedersachsen,03361,Verden,35.4,16.5,34.5,22.6,4.3,66958,1759,16,6126,7899,2514,10072,4984,31225,1008,1355,68108,48273,33554,14719,54730,38201,16529,6708,891,3581,35543
45,03,Niedersachsen,03401,Delmenhorst,32.1,9.3,34.4,22.2,10.3,34204,101,0,1889,3173,2411,6585,2309,17091,320,325,35386,20443,12853,7590,26124,18160,7964,2589,-99,1335,20098
46,03,Niedersachsen,03402,Emden,55.8,46.8,32.2,20.9,8.9,44427,268,23,2507,3533,3351,7027,1895,23191,1079,1553,25184,33261,27253,6008,18158,13318,4840,1811,-99,834,12593
47,03,Niedersachsen,03403,"Oldenburg, Stadt",63.4,7.8,27.7,18.7,6.6,125780,592,23,4410,5290,5220,15407,21539,65729,2023,5547,88502,84386,54387,29999,65400,43075,22325,7281,-99,2332,42239
48,03,Niedersachsen,03404,"Osnabrück, Stadt",65.8,16.0,27.1,18.1,7.2,136521,236,44,4267,12631,4961,26785,11017,74453,1140,987,87036,96667,63617,33050,66113,45192,20921,8102,-99,2444,37192
49,03,Niedersachsen,03405,Wilhelmshaven,49.8,12.9,42.2,19.0,11.3,47654,86,0,4440,4186,2454,6342,3297,25004,1058,787,35291,30532,21363,9169,25600,17410,8190,2769,-99,1132,21706
50,03,Niedersachsen,03451,Ammerland,33.8,16.6,36.1,22.2,4.0,64033,2171,40,5069,6194,2250,13372,4826,28664,554,893,60069,44252,31796,12456,47888,33286,14602,6663,902,3004,33385
51,03,Niedersachsen,03452,Aurich,36.6,12.2,35.2,20.8,6.9,89377,1443,88,6774,7594,5527,12687,4535,46445,2504,1780,94764,61163,42885,18278,69394,50524,18870,8734,1157,4347,53154
52,03,Niedersachsen,03453,Cloppenburg,28.7,25.0,24.1,24.7,4.2,97513,3132,236,8315,17116,3681,15954,7700,39543,922,914,88399,67633,51933,15700,71950,54439,17511,7635,1133,3785,36636
53,03,Niedersachsen,03454,Emsland,35.4,24.9,28.1,22.2,2.6,202538,3824,249,20200,24071,10946,34832,16105,87865,2752,1694,169467,140713,105127,35586,133396,98439,34957,14405,2361,9079,79372
54,03,Niedersachsen,03455,Friesland,34.0,12.3,42.1,20.8,4.7,44425,668,12,2607,3981,2259,6216,3518,23377,1228,559,46113,29469,19083,10386,36171,24549,11622,4508,764,1969,28920
55,03,Niedersachsen,03456,Grafschaft Bentheim,34.5,19.3,31.5,22.7,2.7,76976,1282,238,7843,10877,3051,11661,7061,31902,1076,1985,70261,50713,36223,14490,53793,38281,15512,6598,1335,4219,34631
56,03,Niedersachsen,03457,Leer,31.5,9.9,32.5,21.5,5.7,74457,1036,131,4533,4902,18763,10025,3752,29300,1407,608,82188,48179,33054,15125,61773,44755,17018,8440,1372,5017,44844
57,03,Niedersachsen,03458,"Oldenburg, Kreis",26.0,13.8,32.2,21.4,3.4,54247,1439,19,3755,6395,1880,9194,3524,25368,1800,873,67792,37057,25422,11635,54965,38853,16112,7394,963,3245,32980
58,03,Niedersachsen,03459,"Osnabrück, Kreis",31.6,21.0,31.4,22.3,3.2,180424,3396,255,10458,29950,6319,33420,11931,81433,1845,1417,186741,130796,97031,33765,152552,109948,42604,17179,2718,7356,89767
59,03,Niedersachsen,03460,Vechta,40.0,30.2,23.4,23.7,3.7,101490,2916,275,6331,18406,4565,18326,10457,38948,786,480,81685,72835,55586,17249,64641,48215,16426,6416,868,4245,29727
60,03,Niedersachsen,03461,Wesermarsch,26.9,23.3,36.3,20.3,6.4,41930,805,83,2616,5642,3857,4808,2277,19773,1577,492,43636,30492,22980,7512,34692,25072,9620,4057,937,1939,24516
61,03,Niedersachsen,03462,Wittmund,33.1,9.6,38.7,21.0,5.9,25347,635,640,1848,1972,1212,2994,1198,13724,770,354,26259,16453,11243,5210,20376,14281,6095,3059,547,1215,16720
62,04,Bremen,04011,Bremen,56.3,16.6,31.8,19.9,10.2,310332,462,112,15713,28053,28630,44108,22419,160567,1312,8956,276941,281388,196343,85045,201447,134051,67396,27627,1291,12030,129434
63,04,Bremen,04012,Bremerhaven,57.2,-99.0,34.2,22.7,13.4,55749,64,0,2189,4202,6409,6545,2930,29305,744,3361,54788,52885,38307,14578,40290,28593,11697,2852,-99,1440,29487
64,05,Nordrhein-Westfalen,05111,Düsseldorf,86.4,12.3,29.0,20.2,7.2,543046,321,67,7218,25327,17680,112351,68078,252259,49201,10544,312126,424472,319016,105456,248752,184894,63858,38966,2470,21047,129852
65,05,Nordrhein-Westfalen,05112,Duisburg,38.3,14.1,31.2,21.4,11.8,233077,560,60,10601,41110,16407,40918,10284,107929,3188,2020,235904,175305,130309,44996,171148,124197,46951,15095,2120,9512,116314
66,05,Nordrhein-Westfalen,05113,Essen,52.5,10.8,33.1,20.6,11.1,337212,576,278,8741,45802,27458,29969,36460,185314,988,1626,276985,250601,178533,72068,205610,146773,58837,26404,1934,9286,142311
67,05,Nordrhein-Westfalen,05114,Krefeld,42.6,19.4,34.0,20.9,11.0,124247,527,32,5237,15848,5279,18511,11702,65171,494,1446,111266,94417,69722,24695,83233,59914,23319,12060,1569,3076,55536
68,05,Nordrhein-Westfalen,05116,Mönchengladbach,43.1,12.8,31.6,20.6,9.8,137262,415,68,6340,13524,7565,29472,14348,61733,1101,2696,128333,100119,72721,27398,96786,70345,26441,12227,1531,3774,67212
69,05,Nordrhein-Westfalen,05117,Mülheim an der Ruhr,38.6,16.5,37.5,20.9,7.8,81195,189,70,3143,14178,1909,9391,9101,35479,1954,5781,78392,59416,43992,15424,60401,43287,17114,8456,-99,2928,45237
70,05,Nordrhein-Westfalen,05119,Oberhausen,34.7,-99.0,33.2,20.0,10.8,92805,116,34,5516,8412,4733,10998,6383,55457,459,697,100870,66329,45367,20962,75238,54527,20711,7886,-99,2299,52674
71,05,Nordrhein-Westfalen,05120,Remscheid,36.1,27.2,34.8,21.4,7.8,60773,88,24,1842,11801,1273,10946,13641,20282,458,418,53645,46034,34473,11561,42332,31693,10639,3831,-99,1698,29344
72,05,Nordrhein-Westfalen,05122,Solingen,32.7,17.8,32.9,21.2,7.7,74085,215,19,3143,17213,1722,10388,6766,33465,282,872,79571,53935,39441,14494,62472,45863,16609,8362,-99,3443,38378
73,05,Nordrhein-Westfalen,05124,Wuppertal,40.5,13.8,32.1,21.7,8.8,175402,487,29,5947,21105,4441,25076,23190,90816,1747,2564,167678,126644,90093,36551,127847,91891,35956,15358,-99,6035,82399
74,05,Nordrhein-Westfalen,05154,Kleve,33.9,11.4,30.8,20.6,5.6,150060,3441,375,9525,14676,4694,30870,10308,72965,1898,1308,152998,102713,71878,30835,115567,82418,33149,16046,2472,5903,78736
75,05,Nordrhein-Westfalen,05158,Mettmann,42.0,18.6,37.9,21.7,6.2,255305,548,51,9964,37646,11543,52366,20911,114699,3383,4194,237574,193359,147438,45921,186669,136430,50239,23664,2303,9102,133288
76,05,Nordrhein-Westfalen,05162,Rhein-Kreis Neuss,36.3,13.7,34.1,22.0,5.5,206346,1056,1634,9606,19638,15466,38897,11816,103662,1319,3252,220970,150165,111488,38677,171870,126834,45036,23904,1526,8880,113495
77,05,Nordrhein-Westfalen,05166,Viersen,31.5,13.3,33.5,20.1,5.8,133750,1583,111,7157,17092,7540,26247,8832,60373,985,3830,148798,94053,66578,27475,112473,81285,31188,16133,1494,5971,77954
78,05,Nordrhein-Westfalen,05170,Wesel,32.4,12.2,35.7,19.9,6.5,203258,1841,227,14014,19527,18600,31556,11698,97015,5563,3217,223445,138269,95609,42660,169060,122509,46551,20379,2244,5448,121998
79,05,Nordrhein-Westfalen,05314,Bonn,72.6,6.3,26.6,21.5,6.9,252101,282,11,5131,7797,58747,16060,8572,145810,6303,3388,157612,180529,124969,55560,118467,80967,37500,18196,-99,10907,69016
80,05,Nordrhein-Westfalen,05315,Köln,63.3,10.9,25.2,19.7,8.5,778311,420,343,26723,62602,36330,81075,85696,468702,4716,11704,547757,582613,418690,163923,421741,295717,126024,61999,2272,31617,213571
81,05,Nordrhein-Westfalen,05316,Leverkusen,40.5,19.0,33.8,22.0,7.9,82997,224,22,4134,5301,3288,13276,14115,41198,578,861,79817,65080,48766,16314,63555,46085,17470,6106,-99,3318,41786
82,05,Nordrhein-Westfalen,05334,Aachen,43.2,13.0,30.0,18.9,7.5,306044,742,250,26337,32066,8114,38346,19351,171119,5601,4118,278240,219526,152468,67058,205699,142128,63571,26110,2317,6595,134482
83,05,Nordrhein-Westfalen,05358,Düren,32.9,14.7,32.2,20.7,6.9,122646,781,84,6810,17845,4154,15551,5514,67029,2892,1986,131417,85774,58798,26976,100276,73148,27128,11820,1497,5183,68528
84,05,Nordrhein-Westfalen,05362,Rhein-Erft-Kreis,33.7,11.8,32.9,21.8,6.3,201039,932,494,11627,17427,9940,31084,18274,104045,4443,2773,232894,145377,106220,39157,184442,134313,50129,22037,1829,10294,118820
85,05,Nordrhein-Westfalen,05366,Euskirchen,32.0,12.9,32.8,20.9,5.3,85408,815,53,5400,10534,4307,11599,4398,44233,1488,2581,100127,57919,40261,17658,73605,52980,20625,9893,1119,6711,52416
86,05,Nordrhein-Westfalen,05370,Heinsberg,29.2,12.1,31.3,20.7,5.5,107938,1887,187,9528,11869,4314,17256,6928,52255,1038,2676,123952,73671,51573,22098,94423,68656,25767,11544,1461,5911,64960
87,05,Nordrhein-Westfalen,05374,Oberbergischer Kreis,34.3,23.9,32.7,22.0,5.3,145463,999,54,6964,28728,2621,20101,23135,59070,2686,1105,138696,105917,80644,25273,109399,81792,27607,12879,1258,7651,71398
88,05,Nordrhein-Westfalen,05378,Rheinisch-Bergischer Kreis,29.4,11.2,36.5,21.6,5.7,115140,519,208,5557,11067,1818,16000,9804,67898,803,1466,138378,75454,51882,23572,107825,76636,31189,16845,1128,7935,74483
89,05,Nordrhein-Westfalen,05382,Rhein-Sieg-Kreis,29.1,10.8,32.7,22.3,5.3,245089,1951,271,15668,24161,10848,35215,20363,130187,3915,2510,296120,163472,113402,50070,228586,162462,66124,29835,2544,17270,151373
90,05,Nordrhein-Westfalen,05512,Bottrop,31.2,12.4,33.8,19.4,7.7,48353,380,270,4386,3827,1945,6159,3070,25971,1674,671,55082,33556,24195,9361,41891,30475,11416,4720,-99,1229,30563
91,05,Nordrhein-Westfalen,05513,Gelsenkirchen,35.5,10.7,31.7,22.0,14.1,116141,522,77,6054,10583,6771,19670,8371,60488,1894,1711,117833,81581,58205,23376,84676,60883,23793,8254,-99,4252,63195
92,05,Nordrhein-Westfalen,05515,Münster,64.5,9.7,24.0,17.8,5.0,232184,1909,34,5451,14036,8662,27806,21264,145614,2092,5316,157159,172364,117409,54955,118780,78187,40593,17479,-99,11749,63194
93,05,Nordrhein-Westfalen,05554,Borken,33.8,23.5,28.2,22.5,3.7,212455,2930,111,17948,34798,8815,40669,18154,83446,2153,3431,201332,148933,112156,36777,152780,114186,38594,17156,2660,8423,88713
94,05,Nordrhein-Westfalen,05558,Coesfeld,31.7,13.8,31.0,21.2,3.0,100919,1879,44,5619,10065,3629,18363,7148,47068,1477,5627,112618,70527,49459,21068,90727,64734,25993,10809,1730,5895,55495
95,05,Nordrhein-Westfalen,05562,Recklinghausen,30.1,10.8,34.8,20.2,8.8,249586,1412,897,15135,25281,9964,42184,16297,129018,4561,4837,300574,171594,119211,52383,222954,160658,62296,22724,2084,10952,165331
96,05,Nordrhein-Westfalen,05566,Steinfurt,35.0,17.4,29.8,22.3,4.3,227177,3189,1302,11914,31084,12608,36039,28898,94648,2476,5019,237421,161800,115837,45963,186573,134457,52116,18221,2123,9826,108064
97,05,Nordrhein-Westfalen,05570,Warendorf,29.1,20.2,32.2,22.2,5.0,133558,2010,47,7028,26847,4626,23303,6802,59267,1455,2173,144744,93627,69369,24258,114725,84598,30127,12532,1472,6549,71837
98,05,Nordrhein-Westfalen,05711,Bielefeld,53.9,15.0,30.2,21.5,7.9,213359,478,19,5480,20087,8560,35101,14323,124794,2817,1700,164236,158107,106168,51939,128490,86585,41905,15656,-99,3943,79719
99,05,Nordrhein-Westfalen,05754,Gütersloh,38.4,32.9,29.3,22.2,4.3,230587,1576,36,9167,41163,12294,31273,11241,120795,1659,1383,194744,182434,141424,41010,157278,118208,39070,15938,1356,9625,87051
100,05,Nordrhein-Westfalen,05758,Herford,33.3,23.5,34.2,21.5,5.6,127451,627,40,5390,23114,3105,21470,9420,61921,1463,901,126235,95297,68834,26463,102162,72668,29494,10850,1365,4950,66232
101,05,Nordrhein-Westfalen,05762,Höxter,31.3,16.8,34.7,21.0,4.1,65070,1069,61,4383,9141,2570,10310,3246,32931,898,461,69080,45332,31412,13920,55291,39586,15705,6346,897,2931,37944
102,05,Nordrhein-Westfalen,05766,Lippe,31.7,17.9,35.3,23.1,6.4,161306,1399,130,14584,20599,5732,22155,17389,75437,2724,1157,168705,115192,81738,33454,135522,96025,39497,16776,2230,6209,92482
103,05,Nordrhein-Westfalen,05770,Minden-Lübbecke,41.7,21.4,34.1,22.3,5.2,171532,1316,199,6012,17790,4692,62390,21056,56185,1044,848,153502,129303,93599,35704,124445,90266,34179,12905,1857,5887,83966
104,05,Nordrhein-Westfalen,05774,Paderborn,38.7,17.3,26.4,21.7,5.4,165287,1796,55,6628,18496,6145,18819,7923,99794,3258,2373,159830,120204,85446,34758,123990,88718,35272,12823,1893,7452,73173
105,05,Nordrhein-Westfalen,05911,Bochum,44.4,9.5,33.3,18.2,9.3,187820,225,302,9689,13002,8852,21021,30037,100017,1773,2902,175403,136378,93054,43324,131169,91181,39988,14850,-99,5438,93234
106,05,Nordrhein-Westfalen,05913,Dortmund,49.0,10.6,30.9,20.2,11.0,328479,575,294,17265,18910,13151,51803,33551,187322,1763,3845,290545,246601,174908,71693,210060,148376,61684,24296,2720,9746,138808
107,05,Nordrhein-Westfalen,05914,Hagen,42.6,15.9,35.3,22.0,11.0,99018,123,35,3625,12066,4944,18560,8517,46488,3328,1332,91283,71165,51869,19296,69600,50651,18949,6463,-99,1742,51247
108,05,Nordrhein-Westfalen,05915,Hamm,37.7,11.9,31.8,22.0,8.8,83608,630,10,4957,9996,3151,14098,4918,43670,835,1343,86162,60429,42270,18159,65364,46875,18489,5908,-99,3884,46334
109,05,Nordrhein-Westfalen,05916,Herne,32.7,10.7,33.5,20.0,11.4,62274,89,1329,4106,4001,3227,7568,4743,34885,1927,399,71340,46007,32709,13298,53659,38235,15424,4663,-99,1763,39471
110,05,Nordrhein-Westfalen,05954,Ennepe-Ruhr-Kreis,31.9,18.9,36.8,19.6,6.1,148882,594,381,6247,23855,5905,24085,7652,70294,5428,4441,156503,109994,79837,30157,124462,89512,34950,14877,1450,4861,86477
111,05,Nordrhein-Westfalen,05958,Hochsauerlandkreis,35.4,25.1,33.6,20.4,4.4,150287,1203,300,7761,30547,4689,20443,10677,68513,1905,4249,134805,107302,79700,27602,108089,80969,27120,11554,2050,7206,71093
112,05,Nordrhein-Westfalen,05962,Märkischer Kreis,29.6,30.2,33.9,21.0,6.8,219853,882,65,11595,57257,7445,32489,18458,84149,4683,2830,207997,163586,127155,36431,164270,126164,38106,17295,1927,6916,110771
113,05,Nordrhein-Westfalen,05966,Olpe,29.7,34.3,30.1,21.2,3.6,79793,523,74,2539,20415,2407,15319,5768,30929,773,1046,74127,60167,47390,12777,57799,45624,12175,5874,778,4507,33980
114,05,Nordrhein-Westfalen,05970,Siegen-Wittgenstein,36.6,26.1,32.6,20.3,5.0,159807,637,133,6648,26412,3779,19617,14940,84481,1699,1461,143261,117962,88665,29297,112560,84113,28447,10938,1127,7400,73647
115,05,Nordrhein-Westfalen,05974,Soest,33.3,21.4,32.2,21.3,5.5,156374,3522,131,7678,25471,4635,26620,9774,75717,1769,1057,154258,112594,83267,29327,121320,89380,31940,13308,1301,6921,79617
116,05,Nordrhein-Westfalen,05978,Unna,36.4,12.9,35.1,20.3,7.4,180713,754,138,7551,25069,11332,29930,7842,93320,2605,2172,194410,133132,97385,35747,149466,108003,41463,15168,999,5856,105200
117,06,Hessen,06411,Kreisfreie Stadt Darmstadt,69.5,22.6,25.0,19.6,5.5,133016,118,12,2063,5296,2056,20795,8233,92398,1058,987,80415,105337,74386,30951,62494,41941,20553,8226,925,2723,30988
118,06,Hessen,06412,Kreisfreie Stadt Frankfurt am Main,96.6,11.6,22.4,20.7,5.5,700236,569,980,18316,48045,43081,74189,173124,333645,2600,5687,373177,602428,439861,162567,310221,222699,87522,40598,2568,14411,142670
119,06,Hessen,06413,Kreisfreie Stadt Offenbach am Main,44.2,11.1,24.7,23.0,9.3,65973,52,138,3538,11114,2280,8984,7198,29482,509,2678,67480,48230,33289,14941,54305,37504,16801,6749,-99,1979,27005
120,06,Hessen,06414,Landeshauptstadt Wiesbaden,62.4,11.3,30.6,22.8,7.0,183108,321,356,4233,10394,2959,20029,19628,68429,53859,2900,139457,137730,97528,40202,109024,75509,33515,17521,-99,6820,68331
121,06,Hessen,06431,Bergstraße,27.9,13.4,34.0,20.3,3.8,108326,1177,178,7060,13531,5130,17649,7159,53692,1580,1170,133715,76363,53570,22793,107239,77493,29746,14763,1480,5954,68818
122,06,Hessen,06432,Darmstadt-Dieburg,26.0,12.0,31.4,21.3,4.8,108706,750,117,6277,12266,5537,21307,7215,52526,1462,1249,149651,77338,52310,25028,120914,85475,35439,15610,1458,6532,72232
123,06,Hessen,06433,Groß-Gerau,36.4,18.2,29.2,22.4,5.2,125077,360,128,5888,8668,12930,21676,9533,62994,1671,1229,136904,101097,75990,25107,113054,81497,31557,11110,1219,4738,63985
124,06,Hessen,06434,Hochtaunus,50.7,11.9,36.0,23.8,3.8,124490,250,22,4461,9722,4087,16829,14929,71959,1004,1227,106759,97595,72961,24634,88730,63667,25063,15887,871,3866,59631
125,06,Hessen,06435,Main-Kinzig,32.3,16.5,32.8,21.1,4.5,182334,822,1036,12335,23702,6004,28985,11755,92387,2947,2361,208083,138670,99292,39378,168251,121425,46826,20206,2066,7149,106840
126,06,Hessen,06436,Main-Taunus,55.4,9.5,33.1,23.5,3.7,125556,278,36,3589,5560,4472,15473,8051,57525,514,30058,113966,102384,76933,25451,97685,70305,27380,13810,956,4366,56960
127,06,Hessen,06437,Odenwaldkreis,26.1,17.6,36.5,19.9,4.8,38747,283,41,2236,5999,895,6114,1912,20035,901,331,47568,27671,19503,8168,37458,26786,10672,4992,511,2408,26565
128,06,Hessen,06438,Offenbach,40.7,13.2,32.8,22.4,4.4,164322,494,113,7313,17135,11586,27539,19024,77088,1906,2124,172681,128582,94943,33639,140633,101190,39443,19732,1072,9382,88261
129,06,Hessen,06439,Rheingau-Taunus,27.2,9.6,35.5,20.8,4.3,66657,855,5,3117,6866,2252,8919,5401,35222,2727,1293,89680,45616,30012,15604,71688,50169,21519,11247,832,3179,50168
130,06,Hessen,06440,Wetterau,31.1,10.9,32.1,20.9,4.3,120040,1125,75,6210,12593,3246,20579,6882,64374,3141,1815,148293,87060,60693,26367,122537,87433,35104,17464,968,4668,76947
131,06,Hessen,06531,Gießen,39.0,13.3,28.3,19.1,5.8,136106,598,52,6975,12156,3703,16867,7931,84464,1233,2127,131614,99259,66345,32914,100284,67628,32656,12479,877,4800,63463
132,06,Hessen,06532,Lahn-Dill,32.9,23.0,33.8,20.8,5.3,125767,430,79,6302,20523,4011,18356,6385,64622,3218,1841,125152,95692,70087,25605,99009,72046,26963,10667,1156,5683,66312
133,06,Hessen,06533,Limburg-Weilburg,32.3,14.1,32.4,20.8,4.5,75974,422,170,4967,7702,1592,11766,6030,40272,2086,967,83072,54927,37669,17258,65640,47317,18323,7291,629,3494,44390
134,06,Hessen,06534,Marburg-Biedenkopf,34.4,19.9,28.8,19.4,4.1,125287,783,10,4929,18154,3771,18424,5870,69955,1808,1583,121933,92749,62365,30384,94946,64542,30404,9474,950,5540,59355
135,06,Hessen,06535,Vogelsberg,29.5,16.6,37.5,19.1,4.1,45436,677,53,3030,5190,1253,6510,1915,23194,3015,599,51938,32518,22099,10419,41777,29255,12522,5477,700,2509,30844
136,06,Hessen,06611,Kreisfreie Stadt Kassel,64.3,16.9,28.9,19.4,8.0,149574,282,2097,4464,7685,6283,19822,12728,91929,2755,1529,98454,112852,73546,39306,72384,46442,25942,9318,-99,3456,45771
137,06,Hessen,06631,Fulda,43.7,19.5,32.0,21.3,3.0,124343,926,819,6968,13114,4245,20040,14451,60955,1982,843,111708,94258,67997,26261,88326,63283,25043,10262,1216,6323,56791
138,06,Hessen,06632,Hersfeld-Rotenburg,44.2,18.0,37.8,20.8,4.0,61631,614,109,4329,5297,2846,10446,2886,30477,1141,3486,58314,49148,34979,14169,46518,32797,13721,4214,680,2979,34299
139,06,Hessen,06633,Kassel,27.6,21.6,39.4,20.2,3.9,96486,779,64,5193,25468,4262,11831,4433,42178,1111,1167,113329,74884,53706,21178,90960,61895,29065,10395,1628,5305,65702
140,06,Hessen,06634,Schwalm-Eder,30.2,15.7,35.8,19.9,3.6,77015,1130,64,3704,8918,3448,17496,4598,35572,1304,781,88038,56096,36852,19244,72185,49801,22384,8068,1067,4148,49561
141,06,Hessen,06635,Waldeck-Frankenberg,37.8,23.4,36.0,20.5,3.8,84199,1047,45,4944,11262,3212,13569,4333,43576,1020,1191,78320,63901,45248,18653,64465,45573,18892,6385,1046,3622,42911
142,06,Hessen,06636,Werra-Meißner,30.4,12.8,40.6,19.1,5.3,41361,695,44,3244,4598,1117,6411,1599,20860,1317,1476,46522,28606,17655,10951,36821,24628,12193,4839,688,1209,29371
143,07,Rheinland-Pfalz,07111,Stadt Koblenz,82.7,13.8,32.7,18.5,6.0,118191,212,32,3863,4548,3937,15365,30721,53021,3721,2771,57026,75453,53691,21762,41911,29211,12700,4876,-99,3628,27578
144,07,Rheinland-Pfalz,07131,Ahrweiler,28.6,12.0,38.3,19.6,3.8,60524,520,61,3426,6435,1437,9666,5441,31732,1027,779,63543,34995,24344,10651,49031,34956,14075,6783,866,3656,36716
145,07,Rheinland-Pfalz,07132,Altenkirchen (Ww),25.0,19.4,34.1,20.7,4.7,61736,538,17,4170,10972,2074,10716,3989,26490,1674,1096,65148,38987,28758,10229,50831,38100,12731,5665,534,2978,34265
146,07,Rheinland-Pfalz,07133,Bad Kreuznach,36.2,15.3,36.1,20.8,6.0,80664,843,66,4864,9115,1938,11652,4820,44569,1142,1655,77516,53191,36900,16291,60858,42911,17947,7776,1021,2805,43518
147,07,Rheinland-Pfalz,07134,Birkenfeld,33.5,18.6,37.8,19.1,6.2,43124,236,125,2654,6574,1280,8238,3552,19374,839,252,39631,27586,19364,8222,30915,22092,8823,3405,509,1875,22717
148,07,Rheinland-Pfalz,07135,Cochem-Zell,36.0,11.7,37.6,19.0,3.4,34920,600,23,2186,3172,859,5698,2806,17881,1412,283,30446,19730,12556,7174,23933,16590,7343,3471,465,2127,17235
149,07,Rheinland-Pfalz,07137,Mayen-Koblenz,32.2,16.1,33.2,20.5,3.5,107367,642,510,5626,13358,6025,15857,9604,50768,1475,3502,105647,69067,50211,18856,83663,59537,24126,9523,934,8197,55753
150,07,Rheinland-Pfalz,07138,Neuwied,31.0,19.9,34.5,21.4,5.1,94034,445,266,6820,11817,2199,14359,8333,42531,1429,5835,88287,63270,45861,17409,70304,51008,19296,8738,684,6154,48730
151,07,Rheinland-Pfalz,07140,Rhein-Hunsrück-Kreis,35.1,20.4,34.5,20.0,3.6,61968,422,45,7280,6021,1676,8388,3171,33017,1205,743,52853,38976,28019,10957,42063,30138,11925,4888,657,3311,27983
152,07,Rheinland-Pfalz,07141,Rhein-Lahn-Kreis,26.6,13.8,36.2,20.1,3.1,55716,315,12,3096,7931,1480,8597,2713,29119,1892,561,59189,32486,22190,10296,47344,33399,13945,6644,712,3944,33352
153,07,Rheinland-Pfalz,07143,Westerwaldkreis,30.1,20.9,31.9,21.0,3.0,110317,420,286,7688,15108,5006,17877,6304,50631,1961,5036,105281,69816,51211,18605,82049,60180,21869,9547,871,7598,52111
154,07,Rheinland-Pfalz,07211,Stadt Trier,57.2,13.8,25.2,16.8,5.3,87216,302,17,2352,5932,1220,10367,5422,55548,4579,1477,55645,56008,37726,18282,35699,23915,11784,5217,-99,2327,23464
155,07,Rheinland-Pfalz,07231,Bernkastel-Wittlich,31.7,22.8,34.9,20.4,3.3,63914,1552,90,4188,7933,2109,12637,3732,29320,1737,616,58142,41121,29736,11385,44105,31456,12649,5865,1069,3210,30496
156,07,Rheinland-Pfalz,07232,Eifelkreis Bitburg-Prüm,25.6,17.2,31.1,21.0,2.6,45993,690,136,3930,6107,1245,6354,3321,23054,654,502,49979,28660,21058,7602,30242,21744,8498,5194,1171,2733,25633
157,07,Rheinland-Pfalz,07233,Vulkaneifel,31.1,18.5,37.5,19.5,4.1,34150,386,341,2390,4831,1026,4638,1457,15803,697,2581,30663,20055,14383,5672,23112,16817,6295,2503,447,1639,17829
158,07,Rheinland-Pfalz,07235,Trier-Saarburg,19.6,11.0,30.8,21.3,2.8,53964,1181,30,4740,5689,1057,8900,2865,27446,992,1064,74968,31080,21941,9139,46407,31921,14486,6090,879,4167,37813
159,07,Rheinland-Pfalz,07311,Stadt Frankenthal (Pfalz),34.6,19.3,36.2,22.1,7.4,25613,130,0,1501,7662,1136,3980,921,9836,213,234,21044,18430,13721,4709,16089,11612,4477,1589,-99,675,13243
160,07,Rheinland-Pfalz,07312,Stadt Kaiserslautern,61.2,16.8,29.8,17.9,9.4,79120,93,6,2835,6248,3436,13632,4895,45574,1292,1109,49781,54197,37811,16386,36809,25534,11275,4105,-99,1103,26308
161,07,Rheinland-Pfalz,07313,Stadt Landau in der Pfalz,57.8,11.3,27.7,18.2,5.1,36549,223,0,1131,2996,1363,7270,3878,18421,822,445,23947,23807,15682,8125,17525,11981,5544,2363,-99,459,11070
162,07,Rheinland-Pfalz,07314,Stadt Ludwigshafen a. Rh.,48.8,43.4,29.2,23.2,8.8,138663,113,136,6810,35593,7532,13791,8197,60965,3608,1918,84165,104884,80288,24596,64274,47331,16943,5581,-99,2373,37370
163,07,Rheinland-Pfalz,07315,Stadt Mainz,64.9,9.1,25.0,17.8,5.8,173464,233,9,3444,7284,4263,13338,11538,80265,52170,920,109917,114809,76412,38397,86700,58778,27922,10602,-99,5233,43253
164,07,Rheinland-Pfalz,07316,Stadt Neustadt a.d. W.,42.2,8.9,38.1,20.8,5.6,30749,485,14,1687,2016,972,4222,2272,18336,493,252,26440,17557,11580,5977,20194,14217,5977,3204,-99,1091,14534
165,07,Rheinland-Pfalz,07317,Stadt Pirmasens,56.5,24.3,40.5,20.1,11.9,30100,40,12,1289,8172,893,6803,1353,10596,277,665,19137,20690,14712,5978,14294,10242,4052,1343,-99,677,11694
166,07,Rheinland-Pfalz,07318,Stadt Speyer,67.2,20.9,34.1,20.4,6.3,43447,58,2,1238,5450,780,5199,7961,22154,362,243,24915,29309,20047,9262,19457,13727,5730,2263,-99,820,14084
167,07,Rheinland-Pfalz,07319,Stadt Worms,43.5,17.3,31.1,21.9,7.3,49242,262,12,2855,9023,3168,6788,3017,23365,428,324,41489,34080,24666,9414,33865,24468,9397,3072,287,1312,20207
168,07,Rheinland-Pfalz,07320,Stadt Zweibrücken,42.4,24.2,35.6,19.5,6.5,24731,112,0,1107,5324,1869,2724,1347,11868,156,224,16718,15386,11605,3781,13182,9541,3641,1235,-99,766,9293
169,07,Rheinland-Pfalz,07331,Alzey-Worms,23.4,9.5,29.6,20.9,4.0,51656,1446,15,3314,2984,2116,6744,2526,30654,1184,673,65287,30092,19857,10235,53222,38397,14825,6384,1412,2695,32296
170,07,Rheinland-Pfalz,07332,Bad Dürkheim,26.8,9.1,37.5,19.8,3.9,53523,1226,11,2991,5894,1510,7668,3531,28134,1341,1217,65492,32437,21415,11022,52494,37640,14854,7559,891,2600,36574
171,07,Rheinland-Pfalz,07333,Donnersbergkreis,25.6,18.3,32.6,20.7,5.2,34375,379,229,1958,4061,881,4301,1473,19495,947,651,37364,22165,16005,6160,30351,22074,8277,3069,521,1516,19696
172,07,Rheinland-Pfalz,07334,Germersheim,26.5,24.7,29.3,20.8,4.2,65331,322,180,3202,7857,3595,11485,3178,29140,3838,2534,67495,46073,34940,11133,54975,40183,14792,5093,626,2067,30807
173,07,Rheinland-Pfalz,07335,Kaiserslautern,27.1,9.3,33.0,21.4,5.3,38199,287,44,3312,3303,2296,5388,1972,20449,548,600,51458,25682,17661,8021,40618,28889,11729,4614,632,2631,28358
174,07,Rheinland-Pfalz,07336,Kusel,18.1,8.9,36.6,19.1,4.7,21893,252,44,1578,3810,361,2830,1725,10312,622,359,33829,12479,7751,4728,26908,19304,7604,2823,297,1812,20073
175,07,Rheinland-Pfalz,07337,Südliche Weinstraße,29.0,12.7,35.3,19.9,3.9,50676,1340,13,3147,5259,833,12032,2319,24490,568,675,56127,31615,21715,9900,44049,30734,13315,5929,1137,1774,29671
176,07,Rheinland-Pfalz,07338,Rhein-Pfalz-Kreis,17.8,7.4,35.1,21.2,3.8,50016,486,9,4402,4633,3206,8454,4314,23461,450,601,79530,28556,19736,8820,64253,46989,17264,6965,724,3985,38957
177,07,Rheinland-Pfalz,07339,Mainz-Bingen,24.8,13.9,31.1,21.7,3.8,88539,1520,101,3485,21697,3900,15552,4291,35011,1475,1507,105264,57508,40082,17426,83881,59261,24620,11580,1678,4463,51440
178,07,Rheinland-Pfalz,07340,Südwestpfalz,15.8,8.5,38.7,18.0,4.1,26264,376,11,1991,4007,712,4367,950,12745,447,658,46741,15222,9822,5400,37198,26394,10804,4097,495,2150,27344
179,08,Baden-Württemberg,08111,Stuttgart,73.8,18.8,25.9,18.8,4.4,537366,2236,272,12345,35309,13405,46169,132287,283445,3009,8889,318184,426014,322223,103791,265214,197676,67538,34266,2621,8587,128953
180,08,Baden-Württemberg,08115,Böblingen,40.4,29.0,30.2,22.6,3.1,231501,526,160,9932,29463,5012,45040,19949,111912,3018,6489,197654,184127,144332,39795,168282,126980,41302,17976,1909,8474,92040
181,08,Baden-Württemberg,08116,Esslingen,36.5,24.3,31.0,21.1,3.5,286506,889,58,13431,45730,7292,39292,27101,144310,4622,3781,277309,220239,167008,53231,229160,171200,57960,26775,2535,8432,124026
182,08,Baden-Württemberg,08117,Göppingen,30.8,22.2,33.1,21.3,3.9,122301,521,21,6612,35294,4497,15922,7504,48245,2384,1301,129631,89149,65596,23553,105666,79066,26600,12054,1428,5178,64784
183,08,Baden-Württemberg,08118,Ludwigsburg,35.0,20.0,29.9,22.2,3.1,266550,1181,187,13297,60551,12231,40169,25093,102886,3828,7127,284004,207817,156748,51069,236339,176563,59776,26092,2549,15889,128784
184,08,Baden-Württemberg,08119,Rems-Murr-Kreis,32.4,20.8,32.1,21.5,3.4,206290,975,39,12520,69837,4659,23210,11632,76546,2812,4060,218256,153301,111903,41398,180028,133522,46506,22263,2359,13595,103542
185,08,Baden-Württemberg,08121,"Heilbronn, Stadt",64.5,20.9,29.6,21.9,5.2,96890,1154,286,3758,12886,4117,13554,10780,48280,1166,909,64945,71840,53052,18788,54503,41826,12677,5714,-99,4644,28383
186,08,Baden-Württemberg,08125,"Heilbronn, Kreis",31.3,28.6,28.6,21.4,3.1,179392,2233,150,8948,29962,5746,50093,11597,65364,1928,3371,183696,146041,115919,30122,152789,116575,36214,17357,2068,9374,79598
187,08,Baden-Württemberg,08126,Hohenlohekreis,39.1,35.6,28.8,21.3,2.6,71476,917,81,2811,16163,10142,11466,3652,23752,1652,840,61162,59432,47891,11541,51538,39783,11755,5286,784,2506,27230
188,08,Baden-Württemberg,08127,Schwäbisch Hall,33.9,28.4,28.6,21.8,3.0,112174,1478,461,6702,18870,2865,20572,7608,49881,2016,1721,103201,84429,63935,20494,86462,65000,21462,10101,2331,3965,47545
189,08,Baden-Württemberg,08128,Main-Tauber-Kreis,33.6,30.3,34.4,20.4,2.9,77544,852,55,4023,9338,2970,7579,4935,46092,1102,598,68437,56804,42072,14732,56350,41253,15097,6122,1075,2363,35238
190,08,Baden-Württemberg,08135,Heidenheim,32.3,27.2,33.9,21.7,4.2,67305,300,201,2637,10285,1681,16948,3772,30267,690,524,66082,53334,39724,13610,55527,41985,13542,4476,711,2661,34284
191,08,Baden-Württemberg,08136,Ostalbkreis,31.8,28.1,31.1,21.3,3.1,170546,1017,65,8162,32988,6413,32300,22484,62355,3687,1075,160981,128879,96884,31995,131584,98357,33227,15123,1646,6616,77937
192,08,Baden-Württemberg,08211,Baden-Baden,68.5,21.4,42.1,18.7,4.8,42088,172,48,1743,1601,1149,5811,5211,23674,160,2519,26037,30705,22031,8674,21488,15844,5644,3197,-99,942,15704
193,08,Baden-Württemberg,08212,"Karlsruhe, Stadt",68.3,12.7,26.3,17.1,4.3,238956,160,20,6435,19750,7642,48355,26486,122359,3759,3990,153067,178857,128654,50203,123510,87668,35842,17584,-99,4787,64705
194,08,Baden-Württemberg,08215,"Karlsruhe, Kreis",33.4,19.0,32.0,20.9,3.1,212349,1145,98,12971,28361,7761,38619,15841,101753,3759,2041,226710,158434,116662,41772,188142,137653,50489,21402,1919,10638,106030
195,08,Baden-Württemberg,08216,Rastatt,27.9,31.9,32.6,20.4,3.2,119430,440,90,7466,13816,4923,22953,8115,57684,1629,2314,120685,94749,74208,20541,101215,76281,24934,8553,594,4486,60509
196,08,Baden-Württemberg,08221,Heidelberg,65.7,13.1,22.5,16.6,4.4,123495,213,1,2886,7562,1591,17706,11786,78542,2207,1001,69357,91783,61921,29862,54283,36177,18106,10466,-99,3071,31058
197,08,Baden-Württemberg,08222,Mannheim,63.0,24.5,26.9,18.7,5.8,240741,335,42,26607,32705,10262,27657,35777,103624,1720,2012,156222,191617,142914,48703,125813,91070,34743,12966,-99,4651,67221
198,08,Baden-Württemberg,08225,Neckar-Odenwald-Kreis,28.1,20.6,32.5,20.3,3.4,67033,653,28,3978,15804,1605,8212,5529,27937,2579,708,73210,46601,33341,13260,60420,45103,15317,6631,640,2864,37788
199,08,Baden-Württemberg,08226,Rhein-Neckar-Kreis,33.9,13.6,32.8,21.5,3.8,238356,916,273,10128,47910,6672,42184,23447,97871,2261,6694,279238,176586,126344,50242,224844,161675,63169,30314,2115,15869,132562
200,08,Baden-Württemberg,08231,Pforzheim,50.3,20.8,31.1,22.3,6.1,76645,88,0,3272,14989,1479,13505,7277,34030,422,1583,61925,59006,42523,16483,49800,38096,11704,5256,-99,2387,29507
201,08,Baden-Württemberg,08235,Calw,29.0,15.4,31.4,21.4,3.2,66923,443,25,3484,9555,3801,15723,3501,28253,1109,1029,80546,48316,34384,13932,68503,51504,16999,7852,1193,3290,40546
202,08,Baden-Württemberg,08236,Enzkreis,21.7,25.2,32.1,21.4,2.6,85189,464,174,3792,22556,2374,14637,5785,33229,1503,675,100126,64046,49290,14756,85144,63572,21572,10748,464,4368,49859
203,08,Baden-Württemberg,08237,Freudenstadt,32.1,27.6,31.0,21.4,3.0,63026,385,16,3313,11419,1495,12649,3565,28865,719,600,64143,48184,36983,11201,52355,40314,12041,6181,894,2180,30481
204,08,Baden-Württemberg,08311,Freiburg im Breisgau,66.3,9.8,23.2,19.1,5.3,175904,721,223,4330,13684,3825,21551,9787,114867,2644,4272,114946,129153,81978,47175,83791,50972,32819,13936,1213,3755,44398
205,08,Baden-Württemberg,08315,Breisgau-Hochschwarzwald,29.7,17.7,33.3,22.1,3.0,120433,1560,279,6235,22389,5587,14191,5496,59300,1495,3901,134142,83867,58639,25228,104929,71738,33191,17593,2234,6318,68199
206,08,Baden-Württemberg,08316,Emmendingen,26.2,21.1,31.6,21.9,2.8,76342,752,179,5373,14884,1686,10682,4856,35816,832,1282,86942,53734,37259,16475,70450,49317,21133,9468,1034,4933,41641
207,08,Baden-Württemberg,08317,Ortenaukreis,38.3,24.8,31.6,21.7,3.2,248304,1831,454,12857,48512,8318,40510,15239,111515,4134,4934,231057,185059,137771,47288,186303,137207,49096,18361,2797,8163,109106
208,08,Baden-Württemberg,08325,Rottweil,29.7,32.0,32.3,22.1,2.6,78326,495,28,3825,15023,2570,10366,4735,35516,3392,2376,72181,57980,44854,13126,60266,46172,14094,6577,769,2395,36094
209,08,Baden-Württemberg,08326,Schwarzwald-Baar-Kreis,35.5,27.9,34.3,21.1,3.3,122515,677,49,5866,24501,3517,18524,9299,55929,2596,1557,109000,89565,67569,21996,89318,67910,21408,10427,1296,4374,56595
210,08,Baden-Württemberg,08327,Tuttlingen,26.8,43.6,29.8,23.3,3.0,88944,300,120,3439,29730,2311,18213,7858,25310,1186,477,72912,67712,54215,13497,61543,48000,13543,6572,519,2334,33823
211,08,Baden-Württemberg,08335,Konstanz,38.0,15.2,31.4,20.4,3.4,147123,763,59,6193,14942,4650,22735,11701,78509,3022,4549,145937,103846,71858,31988,107148,74633,32515,15067,1192,3488,71054
212,08,Baden-Württemberg,08336,Lörrach,32.1,20.1,30.7,22.0,3.7,108906,644,50,7463,20380,3168,20744,7179,45746,2756,776,119509,80069,56832,23237,77590,54541,23049,10576,1085,5669,56181
213,08,Baden-Württemberg,08337,Waldshut,31.0,18.2,32.4,22.5,3.2,78637,650,63,4780,12889,2045,13402,4981,37499,1405,923,86894,55544,39408,16136,57085,40206,16879,8506,1602,4399,44343
214,08,Baden-Württemberg,08415,Reutlingen,35.7,24.0,31.0,21.6,3.6,157261,627,96,7457,38730,4309,23033,9407,69129,1676,2797,147724,115977,83989,31988,120513,88082,32431,14541,2150,4289,69675
215,08,Baden-Württemberg,08416,Tübingen,36.9,13.6,24.6,20.2,2.9,116056,412,1,4084,12936,2461,16800,8525,66893,2643,1301,113979,83040,53701,29339,89773,60033,29740,12633,1427,5603,49715
216,08,Baden-Württemberg,08417,Zollernalbkreis,28.4,26.6,33.8,20.4,3.5,94123,615,66,4740,27778,2593,13772,6060,35387,1936,1176,97134,70122,51653,18469,79848,59739,20109,8697,639,4434,48799
217,08,Baden-Württemberg,08421,Ulm,85.9,23.9,27.0,19.9,3.6,125183,202,53,2567,9819,3700,17312,6091,84222,537,680,66136,95855,71982,23873,53788,39583,14205,4618,-99,2214,27365
218,08,Baden-Württemberg,08425,Alb-Donau-Kreis,21.2,20.0,28.9,22.6,2.5,81107,995,280,4590,10951,2241,26902,5390,26745,1111,1902,105877,56230,42611,13619,86479,65345,21134,9844,1124,4601,46618
219,08,Baden-Württemberg,08426,Biberach,27.9,34.1,27.7,23.0,2.2,114753,1217,350,6643,25343,2476,19737,11455,43152,1664,2716,104866,86802,66546,20256,88879,66753,22126,8796,1408,5082,48211
220,08,Baden-Württemberg,08435,Bodenseekreis,35.5,29.6,35.1,21.4,2.6,125385,1333,1733,6966,24086,2835,18046,9013,57837,1952,1584,109997,94910,70191,24719,91757,67129,24628,12253,2023,5256,56357
221,08,Baden-Württemberg,08436,Ravensburg,39.0,22.2,29.5,21.8,2.6,164990,2839,77,9762,24190,7592,34972,10933,68760,3100,2765,149532,120809,86577,34232,120989,87351,33638,16838,2512,7490,69131
222,08,Baden-Württemberg,08437,Sigmaringen,29.8,24.1,30.5,21.3,3.0,69685,731,208,3911,13213,1880,11801,6792,29105,1543,501,67343,48516,35549,12967,55081,40721,14360,6416,956,3053,32775
223,09,Freistaat Bayern,09161,Ingolstadt,55.2,60.2,27.3,20.5,3.2,127649,211,19,4767,6341,1682,52550,8719,51818,874,668,73403,107531,85982,21549,58784,45283,13501,5394,-99,4087,30703
224,09,Freistaat Bayern,09162,"München, Landeshauptstadt",71.4,13.5,25.8,19.6,3.8,1127413,1234,120,24733,162695,29659,151103,118711,592163,9208,37787,805731,897144,668603,228541,663664,495503,168161,107569,4513,27400,288987
225,09,Freistaat Bayern,09163,"Rosenheim, Stadt",65.2,19.4,30.3,20.4,4.3,50154,54,6,1262,3097,661,4411,1701,10605,27528,829,32120,35596,24002,11594,26415,19063,7352,3991,-99,1597,15352
226,09,Freistaat Bayern,09171,Altötting,30.7,33.1,33.5,21.4,3.1,63036,456,126,5038,5801,2397,8658,4805,32656,866,2233,57163,48382,33961,14421,46554,32906,13648,5276,643,2979,29212
227,09,Freistaat Bayern,09172,Berchtesgadener Land,36.4,15.7,37.0,19.9,3.7,55430,243,50,3183,4845,3120,8248,5467,28928,442,904,47057,36844,25688,11156,36396,25239,11157,6595,970,3004,28738
228,09,Freistaat Bayern,09173,Bad Tölz-Wolfratshausen,29.4,15.0,32.9,22.0,2.3,56860,409,52,4339,6163,1091,7933,3023,31561,637,1652,64172,38343,27258,11085,51877,37179,14698,9892,944,4392,32552
229,09,Freistaat Bayern,09174,Dachau,28.8,10.8,27.2,21.8,2.0,63130,598,18,4966,6985,2564,10630,5667,30057,1068,577,82192,43718,30745,12973,69599,51097,18502,8713,912,5253,34554
230,09,Freistaat Bayern,09175,Ebersberg,32.8,9.6,28.4,23.5,2.0,59458,491,70,3144,5423,1698,13315,2708,31478,573,558,72718,41644,30218,11426,61996,44776,17220,9338,918,4401,32312
231,09,Freistaat Bayern,09176,Eichstätt,28.2,16.0,25.9,22.7,1.5,58555,534,198,3691,9460,2258,11760,2362,27043,857,392,69011,41782,30757,11025,57628,42986,14642,6254,971,4268,29681
232,09,Freistaat Bayern,09177,Erding,36.5,9.9,24.4,21.7,2.0,60357,769,61,3804,5347,6036,8925,3323,29804,1763,525,74902,46303,32813,13490,63114,45994,17120,7919,1699,6290,29573
233,09,Freistaat Bayern,09178,Freising,52.1,12.7,22.5,20.9,2.3,111703,869,179,6853,8848,10529,23357,8262,49631,1593,1582,97736,84729,59468,25261,82114,60104,22010,10170,1632,6103,36079
234,09,Freistaat Bayern,09179,Fürstenfeldbruck,26.3,9.1,33.7,22.9,2.7,78426,455,98,5903,8804,2427,13352,5119,40441,766,1061,110561,52424,36328,16096,91024,65147,25877,14085,1103,6890,54392
235,09,Freistaat Bayern,09180,Garmisch-Partenkirchen,42.5,8.5,39.9,19.9,3.0,45152,232,14,2648,2281,2392,5504,3464,27559,667,391,41439,29421,19827,9594,33612,23294,10318,6515,793,2397,25172
236,09,Freistaat Bayern,09181,Landsberg am Lech,31.0,15.7,29.8,21.7,2.4,56537,608,20,3190,8267,1514,9107,3261,28075,1693,802,59536,39901,27990,11911,48428,34055,14373,9150,1025,2920,29162
237,09,Freistaat Bayern,09182,Miesbach,36.8,17.8,35.4,21.3,2.4,52948,335,40,3999,4872,2642,7353,4502,27795,825,585,49995,36613,26362,10251,40132,28616,11516,8819,850,3226,25969
238,09,Freistaat Bayern,09183,Mühldorf a.Inn,29.2,22.9,29.9,21.1,3.4,57254,534,27,3888,9067,1961,8500,6409,25602,799,467,58150,42100,30405,11695,46141,33685,12456,6105,1337,3424,28457
239,09,Freistaat Bayern,09184,"München, Kreis",79.0,21.7,31.8,23.8,2.5,296095,650,163,10113,47849,6678,67592,30961,127357,1622,3110,166829,240768,189909,50859,140770,101980,38790,25034,1160,7992,80111
240,09,Freistaat Bayern,09185,Neuburg-Schrobenhausen,26.9,23.1,28.3,21.9,2.2,45353,511,48,5579,5338,1143,6456,2527,22684,716,351,50511,33014,24197,8817,42738,31773,10965,5093,815,2539,23116
241,09,Freistaat Bayern,09186,Pfaffenhofen a.d.Ilm,28.0,18.7,26.4,21.2,1.8,59261,753,42,4418,7041,2882,9005,3165,27680,808,3467,68310,43743,32588,11155,57188,42669,14519,7339,1090,4473,29421
242,09,Freistaat Bayern,09187,"Rosenheim, Kreis",31.8,16.1,32.4,21.5,2.5,123295,1097,314,8813,13938,4056,16112,8436,67344,1603,1582,125896,86135,59882,26253,103792,72336,31456,19430,2455,8881,67051
243,09,Freistaat Bayern,09188,Starnberg,40.1,17.4,36.6,23.7,2.7,71925,282,183,2627,7719,2494,8948,6974,41000,726,972,59491,52421,38258,14163,49848,34585,15263,14487,768,3971,35022
244,09,Freistaat Bayern,09189,Traunstein,32.7,25.6,35.2,20.7,2.9,95802,929,166,8705,9519,2114,17656,6900,46484,2490,839,86641,69108,50109,18999,69226,48991,20235,11672,1980,5152,47909
245,09,Freistaat Bayern,09190,Weilheim-Schongau,29.6,24.9,33.2,21.9,2.4,73535,533,141,4078,10980,1237,15493,5224,34048,929,872,65897,50227,35666,14561,55416,39136,16280,8532,1291,3734,35264
246,09,Freistaat Bayern,09261,"Landshut, Stadt",65.7,15.1,30.9,19.3,4.7,56743,106,51,1825,4204,913,7509,5741,35294,496,604,36757,38109,25381,12728,30151,22257,7894,3460,-99,1927,18567
247,09,Freistaat Bayern,09262,"Passau, Stadt",81.8,27.4,31.6,15.5,4.7,54245,99,12,2658,2476,1483,10106,5236,30514,1207,454,25532,40176,27804,12372,19221,13181,6040,2675,-99,759,13713
248,09,Freistaat Bayern,09263,Straubing,69.2,22.9,31.7,17.7,5.0,41354,165,122,1189,5000,1248,8177,3593,20798,497,565,24116,30325,21002,9323,19876,14574,5302,1959,-99,1017,12437
249,09,Freistaat Bayern,09271,Deggendorf,36.3,25.3,29.9,19.4,2.9,70004,453,151,7148,9579,2954,13623,4938,29170,1514,474,63259,50918,37485,13433,50468,36994,13474,6856,748,2960,30012
250,09,Freistaat Bayern,09272,Freyung-Grafenau,26.3,20.4,31.9,18.3,2.8,38273,532,106,2955,5488,1045,5657,2944,18265,836,445,40343,26412,18730,7682,31931,23082,8849,4550,-99,1679,21595
251,09,Freistaat Bayern,09273,Kelheim,25.5,21.1,27.3,21.4,2.6,55631,1451,101,4304,6841,2079,9258,4237,24954,612,1794,64224,40247,29238,11009,53041,39510,13531,6565,1153,2822,29417
252,09,Freistaat Bayern,09274,"Landshut, Kreis",24.2,21.1,27.5,21.7,2.7,69235,1153,72,5458,10109,2283,12831,4772,30903,1131,523,84961,51670,39342,12328,69269,50712,18557,8712,1270,5176,37855
253,09,Freistaat Bayern,09275,"Passau, Kreis",26.4,20.5,33.1,19.6,3.1,89601,1289,478,6945,14268,2946,14151,4822,41905,1457,1340,96767,62080,45532,16548,76834,55589,21245,11277,2737,4708,51922
254,09,Freistaat Bayern,09276,Regen,28.4,24.5,33.6,19.1,3.4,40571,442,44,3294,5727,1406,4698,3279,20266,790,625,39241,29032,20750,8282,31076,22243,8833,4673,1166,1585,21430
255,09,Freistaat Bayern,09277,Rottal-Inn,28.5,19.3,32.2,20.1,3.3,58624,759,106,6873,6618,1748,9929,4030,27400,814,347,60391,39761,27945,11816,48209,34301,13908,7225,1625,2956,31996
256,09,Freistaat Bayern,09278,Straubing-Bogen,19.9,18.5,28.9,20.8,2.7,40586,896,64,3169,5240,1130,4564,6016,18126,955,426,52984,27412,20078,7334,43348,31384,11964,5429,1263,2376,24486
257,09,Freistaat Bayern,09279,Dingolfing-Landau,31.4,45.9,27.6,19.6,3.2,66903,805,683,3692,26869,2666,6991,3626,20395,602,574,55950,50624,40742,9882,44634,34479,10155,4664,1092,3050,23234
258,09,Freistaat Bayern,09361,Amberg,57.2,42.2,36.1,19.0,4.7,36361,104,0,1489,14149,581,3422,2009,13649,805,153,21359,27891,19959,7932,17063,12452,4611,1786,-99,1033,11633
259,09,Freistaat Bayern,09362,"Regensburg, Stadt",78.7,35.5,24.4,17.2,3.7,160628,92,45,2949,8203,7244,11628,8949,74847,42111,4560,81595,125582,88929,36653,65547,46060,19487,6852,-99,3085,32881
260,09,Freistaat Bayern,09363,Weiden i.d.OPf.,79.5,20.3,35.6,18.5,5.7,41757,156,32,1425,4983,1215,12551,2706,17990,282,417,21438,28274,19038,9236,16949,11777,5172,2190,-99,1006,11854
261,09,Freistaat Bayern,09371,Amberg-Sulzbach,22.8,18.1,31.3,18.9,2.6,41063,573,517,3225,6978,1866,5197,1812,19302,567,1026,54146,29351,21019,8332,44062,31705,12357,5222,914,3190,27074
262,09,Freistaat Bayern,09372,Cham,30.9,30.1,31.5,19.6,2.8,75332,897,111,6338,13691,3062,12297,3716,33252,1471,497,65582,53919,38451,15468,53294,38235,15059,7432,1757,2024,33380
263,09,Freistaat Bayern,09373,Neumarkt i.d.OPf.,30.2,23.6,27.8,20.4,1.9,68845,702,153,6971,9559,1526,9216,5171,34282,679,586,71198,51385,37831,13554,58560,42678,15882,6972,1101,3918,32458
264,09,Freistaat Bayern,09374,Neustadt a.d.Waldnaab,24.0,24.0,31.1,19.1,3.2,41752,653,188,3113,8588,1204,5181,2036,19198,1004,587,48290,32054,23992,8062,39579,28262,11317,4930,1067,2734,24621
265,09,Freistaat Bayern,09375,"Regensburg, Kreis",20.9,14.4,28.5,21.2,2.1,69552,781,117,4802,10120,3305,10329,2943,35594,805,756,103573,49298,36063,13235,84040,59915,24125,10139,1320,3873,46942
266,09,Freistaat Bayern,09376,Schwandorf,31.3,24.3,30.5,19.5,3.1,79107,679,200,4896,12627,3867,12021,4304,37600,2294,619,77851,56660,42772,13888,64008,47714,16294,7647,1963,3559,37722
267,09,Freistaat Bayern,09377,Tirschenreuth,24.8,27.0,34.4,18.9,3.4,36359,500,65,3173,5945,2882,5784,2312,14451,729,518,36387,26528,19816,6712,29770,21702,8068,4182,979,1729,19912
268,09,Freistaat Bayern,09461,"Bamberg, Stadt",68.5,33.5,28.0,17.8,4.2,77617,123,33,2545,11638,2809,10854,7531,40919,576,589,37619,54478,37202,17276,29512,19975,9537,4067,-99,1325,19160
269,09,Freistaat Bayern,09462,"Bayreuth, Stadt",73.6,20.7,31.6,15.5,4.7,67431,55,6,3364,6347,4283,8162,4690,38801,951,772,36130,48025,32376,15649,26946,17892,9054,3547,-99,1484,18305
270,09,Freistaat Bayern,09463,"Coburg, Stadt",86.6,38.8,36.1,17.8,5.5,41953,97,0,1266,7186,423,5656,3951,22644,409,321,20692,33948,24835,9113,16994,12213,4781,1788,-99,744,11389
271,09,Freistaat Bayern,09464,"Hof, Stadt",65.9,17.8,37.8,20.1,6.3,34361,86,2,1176,4376,1166,4843,4602,17019,789,302,21621,24739,16707,8032,17463,12290,5173,1742,-99,781,12998
272,09,Freistaat Bayern,09471,"Bamberg, Kreis",21.1,16.8,27.8,20.5,2.3,54347,445,168,4188,7845,2082,11597,4012,22917,535,558,79551,40148,29503,10645,65582,47053,18529,7747,1300,3767,35366
273,09,Freistaat Bayern,09472,"Bayreuth, Kreis",20.1,14.1,34.0,19.9,2.9,34978,896,93,2689,4908,1370,4628,1495,18015,476,408,55038,24268,16960,7308,43751,30642,13109,5891,916,2628,27293
274,09,Freistaat Bayern,09473,"Coburg, Kreis",23.5,27.1,35.5,19.5,3.4,37273,411,29,1539,8734,1863,5734,2181,15897,540,345,45328,29210,21404,7806,38258,27403,10855,4450,763,1973,23580
275,09,Freistaat Bayern,09474,Forchheim,23.7,16.0,30.2,20.7,2.7,46178,506,28,2771,5333,1606,6390,3801,24209,1023,511,60032,32469,22571,9898,50856,36267,14589,5843,875,2696,28786
276,09,Freistaat Bayern,09475,"Hof, Kreis",31.7,29.9,40.7,18.5,3.2,50883,562,48,2741,13394,2361,7767,2314,20775,550,371,45674,38293,27762,10531,37776,26768,11008,5632,-99,2080,27643
277,09,Freistaat Bayern,09476,Kronach,26.6,31.4,36.8,17.4,3.6,34758,211,17,1846,9714,821,5424,1473,13583,448,1221,33975,26009,19203,6806,28741,21118,7623,2868,657,1226,18704
278,09,Freistaat Bayern,09477,Kulmbach,33.6,24.0,36.9,18.0,3.7,37972,285,45,2493,7804,1041,5456,2865,16833,881,269,37290,28162,20102,8060,30780,21527,9253,3895,-99,1776,20026
279,09,Freistaat Bayern,09478,Lichtenfels,39.3,25.3,34.0,19.2,3.8,37474,323,10,2143,6349,1003,4845,3168,18081,797,755,34719,28903,20415,8488,29227,20835,8392,3238,622,1126,17875
280,09,Freistaat Bayern,09479,Wunsiedel i.Fichtelgebirge,33.8,29.3,42.2,18.8,4.8,39648,220,182,1352,10394,906,6135,2448,16933,796,282,34548,29772,21997,7775,28144,20722,7422,4072,-99,1419,21772
281,09,Freistaat Bayern,09561,"Ansbach, Stadt",73.3,25.9,32.7,20.6,4.0,37557,128,18,824,10072,711,5039,3463,16177,754,371,21536,27811,19445,8366,17405,12701,4704,1885,-99,515,10370
282,09,Freistaat Bayern,09562,Erlangen,78.2,38.6,25.9,19.2,3.9,109288,117,17,3087,6703,5230,10142,10309,70586,1195,1902,58220,91978,65483,26495,47883,33458,14425,4839,747,1570,24172
283,09,Freistaat Bayern,09563,"Fürth, Stadt",40.0,15.0,26.8,19.8,5.4,63938,76,30,1535,5221,1480,7191,2524,25192,20205,484,67513,48770,35144,13626,57299,41498,15801,6649,-99,1678,27937
284,09,Freistaat Bayern,09564,Nürnberg,70.7,18.1,30.3,19.9,5.8,400191,643,41,19561,41963,13295,48947,27949,192041,53337,2414,266677,314651,226162,88489,214724,154296,60428,25604,1552,10039,115234
285,09,Freistaat Bayern,09565,Schwabach,40.8,20.3,33.9,21.6,3.6,22573,56,55,965,2750,417,5863,1594,10218,463,192,20261,16940,12199,4741,16723,12021,4702,2317,-99,653,10534
286,09,Freistaat Bayern,09571,"Ansbach, Kreis",24.4,24.5,29.8,21.0,2.5,84707,1069,59,6080,17481,2379,12280,5889,37362,1053,1055,96166,62810,45951,16859,80186,58110,22076,8966,2418,3860,45577
287,09,Freistaat Bayern,09572,Erlangen-Höchstadt,26.6,30.8,31.0,22.2,2.1,68536,619,381,2914,7452,3911,13479,4314,34245,667,554,68194,53285,40594,12691,60120,42826,17294,7320,753,2386,34732
288,09,Freistaat Bayern,09573,"Fürth, Kreis",19.7,13.0,35.7,21.1,2.8,36678,232,2,2596,4468,891,5585,4480,17519,460,445,59103,25699,17583,8116,49850,35170,14680,7127,928,2381,30725
289,09,Freistaat Bayern,09574,Nürnberger Land,28.9,20.3,34.4,20.7,2.6,77146,415,98,3538,10203,1340,15453,6839,37628,890,742,84768,55820,38962,16858,71879,50308,21571,9773,714,3091,44203
290,09,Freistaat Bayern,09575,Neustadt a.d.Aisch-Bad Windsheim,30.2,18.4,31.2,20.5,2.0,48163,1078,17,2912,7398,1316,8652,3371,22106,837,476,52309,33987,23581,10406,43694,31466,12228,5666,1196,1864,26052
291,09,Freistaat Bayern,09576,Roth,27.0,18.4,31.3,20.5,2.3,56342,640,30,3820,5904,2808,17508,2836,21019,947,830,64366,40273,28440,11833,54526,38524,16002,7356,899,2512,31378
292,09,Freistaat Bayern,09577,Weißenburg-Gunzenhausen,30.6,22.4,33.3,20.8,3.2,46046,489,226,2022,5678,1715,7647,2216,25061,505,487,48460,33142,23234,9908,39511,28422,11089,4773,913,2079,24646
293,09,Freistaat Bayern,09661,"Aschaffenburg, Stadt",70.9,-99.0,31.4,20.0,5.5,61437,40,20,2112,4049,6854,11023,3809,30956,2179,395,36015,47029,33794,13235,29413,21543,7870,3796,-99,933,17475
294,09,Freistaat Bayern,09662,"Schweinfurt, Stadt",77.6,-99.0,37.9,21.1,6.8,65930,25,1,1790,14050,1128,6470,15423,25445,1217,381,25345,53900,41561,12339,19401,14166,5235,1931,-99,499,14819
295,09,Freistaat Bayern,09663,"Würzburg, Stadt",86.6,13.4,28.8,15.1,3.7,127667,127,47,2128,5603,5162,12381,19575,75852,2776,4016,68979,92171,59393,32778,52981,35363,17618,5650,-99,1744,29028
296,09,Freistaat Bayern,09671,"Aschaffenburg, Kreis",26.3,18.5,32.2,20.1,2.9,73823,631,31,4904,9504,4003,15043,3902,33971,744,1090,89934,53408,39221,14187,73141,53012,20129,10436,1534,2828,44276
297,09,Freistaat Bayern,09672,Bad Kissingen,35.7,16.0,38.0,19.6,3.3,54348,447,3,3888,5436,1685,6893,4431,30101,1170,294,51931,35583,24146,11437,42193,29884,12309,5409,-99,1518,29858
298,09,Freistaat Bayern,09673,Rhön-Grabfeld,33.0,26.9,33.4,20.5,2.8,43261,363,137,2456,4464,1215,7709,5024,20775,910,208,40521,32970,23312,9658,33761,23826,9935,4173,-99,1142,21314
299,09,Freistaat Bayern,09674,Haßberge,22.7,25.6,30.8,20.1,3.0,41260,422,25,2337,6510,1201,6107,6519,16913,879,347,44287,28546,20448,8098,36329,26361,9968,4422,-99,1316,22150
300,09,Freistaat Bayern,09675,Kitzingen,30.4,21.2,30.8,20.1,2.4,47847,923,47,2088,8936,1837,9633,6024,17314,590,455,46870,34130,24392,9738,38899,27530,11369,5381,1092,1207,23197
301,09,Freistaat Bayern,09676,Miltenberg,26.1,24.4,32.0,20.3,3.1,61340,466,67,3959,10999,1563,8738,4973,28947,1059,569,66222,44348,32128,12220,54163,39579,14584,5701,-99,2021,32102
302,09,Freistaat Bayern,09677,Main-Spessart,25.4,30.2,34.6,19.2,2.0,63746,567,19,2796,22025,1595,7252,2670,24194,1277,1351,65247,47588,34618,12970,54761,39417,15344,5228,831,1909,34794
303,09,Freistaat Bayern,09678,"Schweinfurt, Kreis",24.9,9.1,32.7,20.2,2.6,38061,498,4,2193,4016,2152,5989,3992,18401,488,328,60514,26827,19176,7651,49520,35809,13711,5175,840,1743,29692
304,09,Freistaat Bayern,09679,"Würzburg, Kreis",23.6,12.5,32.0,20.8,2.1,59234,576,118,3396,6907,1844,14073,4169,26818,837,496,83392,40196,28499,11697,67734,46013,21721,8800,1192,2927,41280
305,09,Freistaat Bayern,09761,"Augsburg, Stadt",54.3,17.9,28.9,18.9,5.4,198073,184,7,6979,22187,9998,31615,14822,107450,1781,3050,151206,147490,101891,45599,122338,89096,33242,13110,1734,3918,65799
306,09,Freistaat Bayern,09762,Kaufbeuren,49.0,16.5,36.1,21.1,4.4,25876,13,0,1068,4057,935,2770,2632,10084,133,4184,21750,19124,12919,6205,18120,13172,4948,2130,-99,978,11902
307,09,Freistaat Bayern,09763,Kempten (Allgäu),67.4,15.9,34.2,19.7,3.5,51543,77,143,1043,6052,1809,14065,2500,24903,439,512,34778,37186,25533,11653,28814,20737,8077,2882,-99,1383,18165
308,09,Freistaat Bayern,09764,Memmingen,64.7,42.4,33.4,21.1,3.6,39357,224,14,2801,6126,1015,8051,2016,18234,551,325,22037,31171,23462,7709,18780,14106,4674,1940,-99,989,11388
309,09,Freistaat Bayern,09771,Aichach-Friedberg,23.7,16.2,29.9,22.3,2.3,55047,722,167,4195,7785,1696,10235,3859,24190,791,1407,68985,37095,26242,10853,56494,40787,15707,8247,1272,2885,32334
310,09,Freistaat Bayern,09772,"Augsburg, Kreis",27.5,16.7,31.1,21.9,2.7,109366,1141,32,6988,16481,4526,18678,11547,47960,918,1095,125121,77564,56010,21554,105269,75239,30030,13682,1326,4751,62365
311,09,Freistaat Bayern,09773,Dillingen a.d.Donau,28.4,23.2,30.0,20.9,2.1,47850,593,132,3093,7625,1605,9421,4047,18534,2508,292,48291,34435,24413,10022,40814,29823,10991,5216,845,1799,24112
312,09,Freistaat Bayern,09774,Günzburg,36.2,24.9,28.8,20.8,2.2,69830,601,31,4762,14563,1584,12032,3525,31192,929,611,65209,53863,38803,15060,56698,41287,15411,6359,777,2273,30361
313,09,Freistaat Bayern,09775,Neu-Ulm,32.3,23.6,30.6,21.2,2.5,90912,361,41,4390,10915,4271,20096,6487,42032,1275,1044,88985,67001,50253,16748,76745,57238,19507,7492,739,3047,41964
314,09,Freistaat Bayern,09776,Lindau (Bodensee),32.0,27.9,35.1,20.7,2.6,45266,443,10,1957,5538,687,8843,2403,24347,366,672,40222,33021,24365,8656,32444,23330,9114,5774,645,1732,21171
315,09,Freistaat Bayern,09777,Ostallgäu,25.7,25.2,32.4,22.1,2.4,69424,785,100,4721,14065,1595,10817,3665,31758,985,933,70816,49263,36519,12744,58211,41787,16424,9516,2457,3620,35907
316,09,Freistaat Bayern,09778,Unterallgäu,24.2,28.0,32.2,21.4,2.0,72941,1399,182,6198,9620,2866,16440,4420,29994,1171,651,74859,52448,39449,12999,62762,46152,16610,8923,1946,3592,36390
317,09,Freistaat Bayern,09779,Donau-Ries,36.0,31.9,29.6,21.1,1.8,83022,1585,108,5070,16419,2640,12860,5387,36383,1179,1391,69262,62724,47727,14997,58986,44106,14880,6473,1171,3278,32603
318,09,Freistaat Bayern,09780,Oberallgäu,31.7,19.8,35.1,20.6,2.4,78317,800,56,5152,10061,2366,9962,5467,42343,1231,879,80138,55775,39585,16190,64654,45728,18926,11573,2011,4109,41771
319,10,Saarland,10041,Regionalverband Saarbrücken,53.2,16.9,34.9,18.7,9.6,207274,259,88,10385,15783,8355,26925,16296,125812,1472,1899,159823,153167,110128,43039,119296,85063,34233,14596,1202,5878,86755
320,10,Saarland,10042,Landkreis Merzig-Wadern,31.6,13.2,34.0,18.9,4.6,42826,334,97,3065,4132,1348,9827,2174,18543,1245,2061,51237,31658,22531,9127,34674,25131,9543,4411,680,2778,28747
321,10,Saarland,10043,Landkreis Neunkirchen,31.2,14.8,37.6,18.3,7.4,53589,151,61,3355,3378,2176,12295,3384,27604,649,536,65837,39855,28243,11612,50229,36696,13533,5161,312,2774,37383
322,10,Saarland,10044,Landkreis Saarlouis,33.1,23.2,36.7,18.8,5.2,95352,305,3820,4687,9074,4528,14330,13420,42646,1189,1353,96624,72994,54857,18137,74456,54785,19671,8087,870,4676,54482
323,10,Saarland,10045,Saarpfalz-Kreis,43.1,28.4,38.7,18.4,5.2,81694,204,30,3726,12767,3066,14314,11573,33236,2266,512,70960,66379,50096,16283,55044,40031,15013,6905,576,2312,40456
324,10,Saarland,10046,Landkreis St. Wendel,29.3,17.6,37.2,17.6,3.6,37008,235,57,2135,4567,909,6494,2703,18990,489,429,44076,27335,19067,8268,33846,24311,9535,3486,-99,2138,25685
325,11,Berlin,11000,Berlin,51.0,8.0,28.7,20.8,8.9,1901862,1827,352,99895,112250,68624,212821,147887,1219520,17613,21073,1715739,1527910,1014537,513373,1303905,858205,445700,257237,8393,61042,879956
326,12,Brandenburg,12051,Brandenburg an der Havel,50.0,-99.0,44.9,19.4,8.7,45321,169,0,3655,4555,2103,5128,1402,26295,1622,392,34610,29679,20456,9223,25744,17879,7865,2818,-99,1466,20887
327,12,Brandenburg,12052,Cottbus,64.5,6.8,39.2,19.2,8.3,71719,80,0,3821,2550,14785,7146,3774,36457,1096,2010,47668,46162,30633,15529,35729,24090,11639,4447,-99,1961,28758
328,12,Brandenburg,12053,Frankfurt (Oder),66.2,8.9,40.2,19.1,8.8,43944,245,0,2128,1334,2408,8771,4644,23298,896,220,26576,28703,18043,10660,21375,14268,7107,2679,-99,1081,17407
329,12,Brandenburg,12054,Potsdam,67.7,5.5,29.9,23.0,5.9,131839,181,35,4622,3562,4893,10609,9142,93914,3366,1515,86860,86170,56744,29426,67393,46214,21179,11384,-99,3609,39622
330,12,Brandenburg,12060,Barnim,32.6,9.5,36.8,21.3,5.6,77910,1248,16,6277,8878,3159,8250,5154,41494,2506,928,89339,50452,33714,16738,69954,49109,20845,10666,280,8030,52448
331,12,Brandenburg,12061,Dahme-Spreewald,43.6,12.1,37.8,20.9,4.1,89721,1501,45,8121,5807,4343,14120,9842,43815,1288,839,82955,62870,43704,19166,67893,48019,19874,9957,429,4470,47779
332,12,Brandenburg,12062,Elbe-Elster,32.6,17.3,44.8,18.9,6.7,51177,1371,207,5007,6893,1751,7651,2070,24800,1013,414,48266,33419,23067,10352,39670,27776,11894,5347,445,1589,32752
333,12,Brandenburg,12063,Havelland,29.1,11.9,34.5,21.4,5.7,67701,1304,35,5027,5683,5092,9373,5324,33364,1671,828,79375,45082,31202,13880,64698,45382,19316,8189,-99,5179,43663
334,12,Brandenburg,12064,Märkisch-Oderland,30.5,9.0,37.0,20.6,6.0,79724,1486,11,8312,4618,3514,10280,4528,42117,2379,2479,93376,51310,34751,16559,74142,51964,22178,11442,373,5525,55820
335,12,Brandenburg,12065,Oberhavel,28.0,12.6,35.2,21.4,5.4,90195,1245,55,8771,6525,4717,14392,3850,47431,1555,1654,103818,58006,40355,17651,82779,57967,24812,11811,603,8212,57773
336,12,Brandenburg,12066,Oberspreewald-Lausitz,38.8,20.9,47.0,19.2,8.2,57021,903,743,4573,6489,2661,5820,1991,29404,871,3566,52648,41078,28551,12527,41694,29384,12310,4918,414,1773,34880
337,12,Brandenburg,12067,Oder-Spree,33.9,15.1,41.8,20.2,6.7,83561,1131,41,6223,8159,6888,10761,4783,41374,2249,1952,85682,55967,39846,16121,67852,47730,20122,9475,-99,4445,55261
338,12,Brandenburg,12068,Ostprignitz-Ruppin,38.6,14.6,39.2,19.4,6.8,53815,1594,13,4139,3829,10556,5710,1608,24804,1182,380,47030,35668,24116,11552,37504,25819,11685,4939,-99,2792,30283
339,12,Brandenburg,12069,Potsdam-Mittelmark,33.3,10.1,34.4,22.4,4.5,102111,2713,50,9571,7510,3419,13266,7258,49599,1192,7533,103333,61732,41593,20139,86403,60535,25868,13709,635,5829,58496
340,12,Brandenburg,12070,Prignitz,36.4,17.2,44.8,18.5,8.0,39937,1569,20,2824,4647,1929,5603,2353,19462,977,553,35731,27203,18568,8635,27011,18951,8060,4329,-99,2139,24798
341,12,Brandenburg,12071,Spree-Neiße,26.6,23.7,44.0,18.8,7.0,52309,1960,74,5389,5614,1940,6833,2609,24743,1707,1440,54313,36687,26277,10410,43790,30487,13303,6147,-99,2720,36141
342,12,Brandenburg,12072,Teltow-Fläming,36.8,18.9,34.7,20.9,4.8,91787,1428,18,6161,10784,6529,13983,8319,38102,1636,4827,83952,64995,49476,15519,69004,50165,18839,8839,282,4564,44862
343,12,Brandenburg,12073,Uckermark,35.3,14.7,44.2,19.4,11.6,59202,1911,54,4126,4019,4690,6748,2492,32856,1760,546,56386,39195,26087,13108,40615,27502,13113,5860,-99,2441,38861
344,13,Mecklenburg-Vorpommern,13003,"Rostock, Hansestadt",55.3,10.5,36.5,18.6,7.2,146164,473,73,6487,9110,6980,12877,9748,95454,3415,1547,101531,92516,66539,25977,74629,53069,21560,53642,-99,4686,56251
345,13,Mecklenburg-Vorpommern,13004,"Schwerin, Landeshauptstadt",71.9,13.1,40.6,21.3,9.1,73251,63,11,4546,3215,3977,8422,6915,43968,1155,979,46355,50836,35312,15524,31233,22276,8957,22410,-99,2043,26348
346,13,Mecklenburg-Vorpommern,13071,Mecklenburgische Seenplatte,43.0,12.4,40.0,19.9,9.3,130246,3308,128,10728,10768,6133,17176,9482,68899,2712,912,123043,94213,64644,29569,90437,62807,27630,-99,-99,2747,79842
347,13,Mecklenburg-Vorpommern,13072,Landkreis Rostock,36.1,11.5,36.7,21.5,5.7,97926,2265,99,8298,7655,5067,12956,5856,52883,1793,1054,100253,68980,47176,21804,77610,54644,22966,-99,-99,5401,62741
348,13,Mecklenburg-Vorpommern,13073,Vorpommern-Rügen,42.5,8.3,40.8,19.6,8.6,105150,2152,42,6817,8004,3929,12570,5301,61704,3287,1344,106515,75423,52952,22471,78230,55643,22587,-99,-99,4805,69030
349,13,Mecklenburg-Vorpommern,13074,Nordwestmecklenburg,29.1,15.9,35.8,20.5,6.2,65553,1076,281,5837,9008,3786,6665,2761,34140,1474,525,76657,48222,34050,14172,59453,41972,17481,-99,-99,3403,44315
350,13,Mecklenburg-Vorpommern,13075,Vorpommern-Greifswald,43.1,10.5,38.8,19.4,9.0,114656,2287,38,7605,7221,4091,13251,6199,67697,3488,2779,110247,83020,55915,27105,79771,54908,24863,-99,-99,2461,70698
351,13,Mecklenburg-Vorpommern,13076,Ludwigslust-Parchim,29.3,15.6,36.1,19.9,5.7,91891,3011,17,7830,10939,6933,14118,3467,42559,1981,1036,104019,65903,48006,17897,81755,60064,21691,-99,-99,4394,61900
352,14,Sachsen,14511,Chemnitz,60.8,17.4,46.1,21.0,7.1,150138,594,205,9678,15337,8784,20015,9456,80196,1274,4599,114242,117157,81163,35994,86525,60800,25725,-99,-99,2189,72289
353,14,Sachsen,14521,Erzgebirgskreis,32.1,24.8,49.2,21.6,4.4,155393,1335,348,13098,36833,5724,21388,6118,65555,3538,1456,156332,115766,78192,37574,131190,90421,40769,-99,-99,3474,108939
354,14,Sachsen,14522,Mittelsachsen,36.1,22.1,46.1,21.0,5.2,142943,2932,244,13276,24595,6543,21036,5703,64095,3553,966,145986,109962,77802,32160,116250,82533,33717,-99,-99,3284,93525
355,14,Sachsen,14523,Vogtlandkreis,37.3,21.9,50.2,20.1,5.3,107619,1359,136,8724,19822,4045,13715,4311,49494,3478,2535,104300,82194,56584,25610,85693,59659,26034,-99,-99,1841,74470
356,14,Sachsen,14524,Zwickau,40.7,24.7,48.9,20.6,5.0,161253,1161,287,11734,28671,8868,18818,7605,76337,1727,6045,149487,125473,90221,35252,123445,88102,35343,-99,-99,3053,97880
357,14,Sachsen,14612,Dresden,60.6,12.9,34.2,22.6,6.1,340865,700,77,15207,26285,11506,42598,25077,205130,6912,7373,276594,269419,185778,83641,216264,149510,66754,-99,-99,9606,134433
358,14,Sachsen,14625,Bautzen,39.2,21.6,45.0,22.2,5.6,146975,2080,447,13602,20026,6587,21412,5579,72721,2924,1597,141785,113700,78674,35026,111246,77930,33316,-99,-99,3920,94278
359,14,Sachsen,14626,Görlitz,37.7,17.3,49.7,21.2,8.6,116224,1455,44,7774,14268,6713,16597,6932,56951,4336,1154,113692,87005,56139,30866,88890,58399,30491,-99,-99,2503,81728
360,14,Sachsen,14627,Meißen,37.9,21.9,45.3,22.3,5.8,115628,2060,121,8593,14893,6101,18792,5601,54056,2597,2814,114776,90418,64941,25477,91791,65051,26740,-99,-99,2904,73015
361,14,Sachsen,14628,Sächsische Schweiz-Osterzgebirge,33.3,19.2,45.8,23.2,4.9,104494,1517,156,8817,15698,2668,13572,5690,52314,2928,1134,116497,80120,55677,24443,91969,64478,27491,-99,-99,4211,73882
362,14,Sachsen,14713,"Leipzig, Stadt",57.8,10.8,31.2,21.0,6.8,346527,1155,71,22203,24641,18938,37446,30142,204681,2302,4948,289221,272871,184818,88053,229726,153475,76251,-99,-99,4526,135050
363,14,Sachsen,14729,"Leipzig, Kreis",32.1,15.7,42.9,21.5,5.5,103771,1566,290,9493,11269,4760,14631,4821,50290,1918,4733,122666,78873,54674,24199,100495,71151,29344,-99,-99,2444,75044
364,14,Sachsen,14730,Nordsachsen,39.8,17.0,40.5,20.5,6.8,94363,1922,127,9589,10137,8038,13717,4605,42349,2204,1675,96870,74418,51326,23092,78229,55929,22300,-99,-99,2073,59735
365,15,Sachsen-Anhalt,15001,Dessau-Roßlau,51.6,18.4,52.9,19.1,8.1,45272,148,0,3349,3668,2487,5237,3877,24121,2110,275,37484,33889,23785,10104,28450,20221,8229,-99,-99,706,25814
366,15,Sachsen-Anhalt,15002,Halle (Saale),55.8,7.5,38.0,20.9,8.6,133783,283,582,5686,8876,7806,12789,16357,77409,2280,1715,112581,97381,64496,32885,79187,53754,25433,-99,-99,1957,62281
367,15,Sachsen-Anhalt,15003,Magdeburg,60.9,11.5,38.2,20.1,8.7,148704,166,30,8430,10817,6304,13779,9929,93127,3975,2147,118483,108689,73054,35635,88034,60894,27140,-99,-99,5736,60978
368,15,Sachsen-Anhalt,15081,Altmarkkreis Salzwedel,33.0,15.0,37.2,20.2,6.8,38092,1446,46,3988,4184,1003,5824,1516,18687,991,407,42528,27304,18983,8321,32064,23125,8939,-99,-99,1547,24388
369,15,Sachsen-Anhalt,15082,Anhalt-Bitterfeld,34.3,20.9,44.4,18.4,7.6,75323,1154,114,5265,13181,3782,10787,3030,34672,2023,1315,75795,56429,42183,14246,57432,42542,14890,-99,-99,1756,48281
370,15,Sachsen-Anhalt,15083,Börde,33.2,19.6,36.0,20.1,5.5,79283,1802,1368,6095,12075,3941,10753,2891,34690,3610,2058,86540,61959,44200,17759,69770,50056,19714,-99,-99,4009,48858
371,15,Sachsen-Anhalt,15084,Burgenlandkreis,34.7,17.1,44.8,19.0,6.9,79401,1245,626,6622,7582,3524,13096,5852,37962,2049,843,87703,59501,42156,17345,69283,50518,18765,-99,-99,2155,55025
372,15,Sachsen-Anhalt,15085,Harz,36.9,17.6,45.0,18.7,5.7,99361,1274,41,7736,18627,4656,11162,3275,49408,2125,1057,98867,73293,51606,21687,81257,58064,23193,-99,-99,2647,65641
373,15,Sachsen-Anhalt,15086,Jerichower Land,29.2,17.5,40.3,19.5,7.5,40250,1015,39,2733,6098,1916,5190,1656,20261,942,400,43177,27835,19989,7846,35308,25650,9658,-99,-99,1697,26593
374,15,Sachsen-Anhalt,15087,Mansfeld-Südharz,33.6,15.5,48.1,18.5,10.2,56557,815,180,4971,10529,1554,8316,2589,26017,1028,558,62283,41949,27256,14693,49766,34252,15514,-99,-99,1318,44212
375,15,Sachsen-Anhalt,15088,Saalekreis,38.0,20.4,40.3,20.2,6.7,90563,1525,148,7620,8541,6380,17174,3027,42579,2311,1258,91986,69680,52410,17270,74491,54307,20184,-99,-99,3247,52965
376,15,Sachsen-Anhalt,15089,Salzlandkreis,35.2,17.3,44.9,19.0,8.9,85727,1096,80,6230,11117,4336,10735,4236,45364,1657,876,88989,62761,43655,19106,69406,49234,20172,-99,-99,2345,57868
377,15,Sachsen-Anhalt,15090,Stendal,34.3,13.6,39.4,19.5,9.2,50008,1373,70,4810,7668,1569,5498,2149,25073,1394,404,52854,35686,24287,11399,37441,26131,11310,-99,-99,1761,33713
378,15,Sachsen-Anhalt,15091,Wittenberg,34.1,19.0,46.2,18.7,6.7,57189,1409,196,5212,7233,2597,9267,2636,26574,1405,660,60791,43225,30488,12737,46428,33119,13309,-99,-99,1554,39734
379,16,Thüringen,16051,Erfurt,67.9,11.2,33.9,20.6,6.0,148883,1771,153,5229,5100,7208,10755,5336,53981,53027,6323,106354,108959,77635,31324,81607,58996,22611,-99,-99,5580,53586
380,16,Thüringen,16052,Gera,52.2,12.0,47.6,20.0,8.8,50824,162,14,3155,4190,1678,6054,2920,31361,817,473,43687,36722,25226,11496,32178,22954,9224,-99,-99,934,28596
381,16,Thüringen,16053,Jena,59.2,-99.0,32.1,20.3,5.6,75489,21,6,2368,8455,2018,7761,4284,48764,842,970,52492,57454,40248,17206,40308,27468,12840,-99,-99,1511,26556
382,16,Thüringen,16054,Suhl,60.7,-99.0,54.0,17.6,5.4,22575,53,0,2062,2334,610,2648,1444,12295,149,980,17196,15947,11152,4795,13897,10248,3649,-99,-99,314,12822
383,16,Thüringen,16055,Weimar,49.7,-99.0,35.9,21.7,6.0,35906,119,0,2164,2051,1230,3702,1305,23916,206,1213,29645,24384,15903,8481,22804,15413,7391,-99,-99,1265,16823
384,16,Thüringen,16056,Eisenach,60.4,29.6,41.5,20.4,7.0,29607,95,0,1002,2154,4966,3570,871,16346,151,452,20086,22813,16493,6320,17000,12508,4492,-99,-99,789,12707
385,16,Thüringen,16061,Eichsfeld,32.9,23.3,36.8,22.7,3.9,48730,790,43,4716,7392,1675,6729,2231,22041,1986,1127,49552,36192,25944,10248,41316,28921,12395,-99,-99,2201,28410
386,16,Thüringen,16062,Nordhausen,38.9,18.3,41.8,20.1,6.8,41059,561,660,3230,4168,1917,5423,2855,20351,1645,249,39326,29883,20858,9025,32466,22922,9544,-99,-99,1198,24639
387,16,Thüringen,16063,Wartburgkreis,26.4,25.7,39.9,20.3,4.0,56485,547,36,3552,10106,2381,8403,2686,23749,1393,3632,60333,41238,31337,9901,47235,34989,12246,-99,-99,3569,35260
388,16,Thüringen,16064,Unstrut-Hainich-Kreis,36.9,16.9,39.5,21.6,6.8,49784,1151,46,3374,7554,2034,6090,2331,21474,751,4979,50209,35888,24668,11220,41284,29674,11610,-99,-99,2024,30199
389,16,Thüringen,16065,Kyffhäuserkreis,27.5,15.1,43.1,19.4,6.3,30133,1194,549,2466,4130,1170,3890,1419,13875,923,517,35109,20082,13774,6308,27184,19895,7289,-99,-99,1106,23122
390,16,Thüringen,16066,Schmalkalden-Meiningen,32.9,22.7,41.7,19.2,4.2,62291,782,45,4416,11976,2057,7510,3159,29693,1580,1073,61774,44283,32441,11842,52172,38873,13299,-99,-99,1729,37716
391,16,Thüringen,16067,Gotha,34.5,22.3,39.6,20.4,5.1,68042,928,45,5321,11427,3046,11007,3815,29673,1519,1261,67052,50522,38546,11976,56730,43101,13629,-99,-99,3013,39285
392,16,Thüringen,16068,Sömmerda,28.7,23.0,37.8,20.7,4.9,31503,1130,46,3030,5188,1429,6264,1142,12267,726,281,33575,23938,18502,5436,25578,19344,6234,-99,-99,1543,19909
393,16,Thüringen,16069,Hildburghausen,25.5,22.2,38.3,19.3,3.5,26780,706,104,2152,3360,1014,4216,1138,12075,704,1311,32054,19465,14415,5050,27556,20391,7165,-99,-99,900,18527
394,16,Thüringen,16070,Ilm-Kreis,31.8,24.4,40.9,19.8,4.8,52295,552,42,3206,10153,4001,7276,2098,23759,906,302,50779,38512,29135,9377,42608,31750,10858,-99,-99,1760,29863
395,16,Thüringen,16071,Weimarer Land,31.8,16.6,37.2,22.1,4.5,35282,813,15,3246,3821,1928,5597,1336,17520,738,268,40280,26051,18513,7538,33337,23888,9449,-99,-99,1750,23129
396,16,Thüringen,16072,Sonneberg,31.9,28.7,44.7,18.2,4.2,29502,233,23,1907,5732,811,3247,2222,13574,556,1197,28106,21727,17255,4472,22854,17934,4920,-99,-99,1242,17660
397,16,Thüringen,16073,Saalfeld-Rudolstadt,33.9,21.6,47.3,19.1,5.6,49255,564,74,3789,9342,1719,6020,2480,22748,1438,1081,49573,35677,25207,10470,40792,29635,11157,-99,-99,1341,32229
398,16,Thüringen,16074,Saale-Holzland-Kreis,30.0,19.7,40.9,20.3,4.5,36131,550,63,2952,5919,1366,5763,2009,16438,883,188,40581,26972,20143,6829,34057,25060,8997,-99,-99,1464,24585
399,16,Thüringen,16075,Saale-Orla-Kreis,29.6,27.9,42.3,19.9,4.8,40755,769,29,2754,8799,1239,6272,1276,17207,718,1692,39738,30116,22166,7950,32758,24125,8633,-99,-99,1279,24589
400,16,Thüringen,16076,Greiz,28.9,20.3,47.6,19.3,5.1,41270,608,64,3840,6965,1915,6314,1261,18446,1440,417,45028,30159,21885,8274,37485,26898,10587,-99,-99,1278,30917
401,16,Thüringen,16077,Altenburger Land,31.0,19.2,50.8,19.0,11.2,37710,682,202,2660,4795,2078,5998,1601,16491,1753,1450,43104,27924,19674,8250,33660,24044,9616,-99,-99,1230,29684
